game	period	point	pull_team	poss_abs	poss_rel	event	poss_team	pl_team	pl_pnum	pl_code	score	scor_team	who	a_code	b_code
2014-04-12_vanNH-at-pdxST	1	1	vanNH	1	1	7	pdxST	vanNH	81	D	FALSE	NA	o_line	D	def +
2014-04-12_vanNH-at-pdxST	1	1	vanNH	2	2	13	vanNH	vanNH	81	LG	TRUE	vanNH	d_line	G	G
2014-04-12_vanNH-at-pdxST	1	2	vanNH	3	1	8	pdxST	pdxST	6	G	TRUE	pdxST	o_line	G	G
2014-04-12_vanNH-at-pdxST	1	3	pdxST	4	1	5	vanNH	vanNH	98	G	TRUE	vanNH	o_line	G	G
2014-04-12_vanNH-at-pdxST	1	4	vanNH	5	1	8	pdxST	pdxST	16	TD	FALSE	NA	o_line	TD	off -
2014-04-12_vanNH-at-pdxST	1	4	vanNH	6	2	14	vanNH	vanNH	13	G	TRUE	vanNH	d_line	G	G
2014-04-12_vanNH-at-pdxST	1	5	vanNH	7	1	11	pdxST	pdxST	7	G	TRUE	pdxST	o_line	G	G
2014-04-12_vanNH-at-pdxST	1	6	pdxST	8	1	13	vanNH	vanNH	89	VTT	FALSE	NA	o_line	VTT	off -
2014-04-12_vanNH-at-pdxST	1	6	pdxST	9	2	17	pdxST	pdxST	3	LG	TRUE	pdxST	d_line	G	G
2014-04-12_vanNH-at-pdxST	1	7	pdxST	10	1	9	vanNH	vanNH	98	G	TRUE	vanNH	o_line	G	G
2014-04-12_vanNH-at-pdxST	1	8	vanNH	11	1	14	pdxST	pdxST	42	G	TRUE	pdxST	o_line	G	G
2014-04-12_vanNH-at-pdxST	1	9	pdxST	12	1	7	vanNH	vanNH	21	G	TRUE	vanNH	o_line	G	G
2014-04-12_vanNH-at-pdxST	1	10	vanNH	13	1	8	pdxST	pdxST	13	G	TRUE	pdxST	o_line	G	G
2014-04-12_vanNH-at-pdxST	1	11	pdxST	14	1	11	vanNH	vanNH	22	G	TRUE	vanNH	o_line	G	G
2014-04-12_vanNH-at-pdxST	1	12	vanNH	15	1	8	pdxST	pdxST	42	G	TRUE	pdxST	o_line	G	G
2014-04-12_vanNH-at-pdxST	1	13	pdxST	16	1	7	vanNH	pdxST	21	D	FALSE	NA	o_line	D	def +
2014-04-12_vanNH-at-pdxST	1	13	pdxST	17	2	8	pdxST	pdxST	88	TA	FALSE	NA	d_line	TA	off -
2014-04-12_vanNH-at-pdxST	1	13	pdxST	18	3	16	vanNH	vanNH	10	TD	FALSE	NA	o_line	TD	off -
2014-04-12_vanNH-at-pdxST	1	13	pdxST	19	4	24	pdxST	vanNH	91	D	FALSE	NA	d_line	D	def +
2014-04-12_vanNH-at-pdxST	1	13	pdxST	20	5	26	vanNH	vanNH	33	G	TRUE	vanNH	o_line	G	G
2014-04-12_vanNH-at-pdxST	1	14	vanNH	21	1	4	pdxST	pdxST	24	TD	FALSE	NA	o_line	TD	off -
2014-04-12_vanNH-at-pdxST	1	14	vanNH	22	2	5	vanNH	vanNH	18	VTT	FALSE	NA	d_line	VTT	off -
2014-04-12_vanNH-at-pdxST	1	14	vanNH	23	3	7	pdxST	pdxST	13	LG	TRUE	pdxST	o_line	G	G
2014-04-12_vanNH-at-pdxST	1	15	pdxST	24	1	4	vanNH	vanNH	22	off F	FALSE	NA	o_line	off F	off -
2014-04-12_vanNH-at-pdxST	1	15	pdxST	25	2	7	pdxST	pdxST	6	G	TRUE	pdxST	d_line	G	G
2014-04-12_vanNH-at-pdxST	1	16	pdxST	26	1	7	vanNH	vanNH	72	TD	FALSE	NA	o_line	TD	off -
2014-04-12_vanNH-at-pdxST	1	16	pdxST	27	2	14	pdxST	pdxST	4	G	TRUE	pdxST	d_line	G	G
2014-04-12_vanNH-at-pdxST	1	17	pdxST	28	1	3	vanNH	vanNH	8	eop	FALSE	NA	o_line	eop	eop
2014-04-12_vanNH-at-pdxST	2	18	pdxST	29	1	7	vanNH	vanNH	98	LG	TRUE	vanNH	o_line	G	G
2014-04-12_vanNH-at-pdxST	2	19	vanNH	30	1	8	pdxST	pdxST	2	TD	FALSE	NA	o_line	TD	off -
2014-04-12_vanNH-at-pdxST	2	19	vanNH	31	2	17	vanNH	vanNH	18	G	TRUE	vanNH	d_line	G	G
2014-04-12_vanNH-at-pdxST	2	20	vanNH	32	1	13	pdxST	pdxST	2	TA	FALSE	NA	o_line	TA	off -
2014-04-12_vanNH-at-pdxST	2	20	vanNH	33	2	18	vanNH	vanNH	21	LG	TRUE	vanNH	d_line	G	G
2014-04-12_vanNH-at-pdxST	2	21	vanNH	34	1	15	pdxST	pdxST	16	LG	TRUE	pdxST	o_line	G	G
2014-04-12_vanNH-at-pdxST	2	22	pdxST	35	1	10	vanNH	pdxST	21	D	FALSE	NA	o_line	D	def +
2014-04-12_vanNH-at-pdxST	2	22	pdxST	36	2	13	pdxST	vanNH	89	D	FALSE	NA	d_line	D	def +
2014-04-12_vanNH-at-pdxST	2	22	pdxST	37	3	20	vanNH	pdxST	8	D	FALSE	NA	o_line	D	def +
2014-04-12_vanNH-at-pdxST	2	22	pdxST	38	4	30	pdxST	vanNH	31	D	FALSE	NA	d_line	D	def +
2014-04-12_vanNH-at-pdxST	2	22	pdxST	39	5	36	vanNH	vanNH	31	G	TRUE	vanNH	o_line	G	G
2014-04-12_vanNH-at-pdxST	2	23	vanNH	40	1	17	pdxST	vanNH	81	D	FALSE	NA	o_line	D	def +
2014-04-12_vanNH-at-pdxST	2	23	vanNH	41	2	34	vanNH	vanNH	98	G	TRUE	vanNH	d_line	G	G
2014-04-12_vanNH-at-pdxST	2	24	vanNH	42	1	17	pdxST	pdxST	13	G	TRUE	pdxST	o_line	G	G
2014-04-12_vanNH-at-pdxST	2	25	pdxST	43	1	9	vanNH	vanNH	10	G	TRUE	vanNH	o_line	G	G
2014-04-12_vanNH-at-pdxST	2	26	vanNH	44	1	10	pdxST	pdxST	13	G	TRUE	pdxST	o_line	G	G
2014-04-12_vanNH-at-pdxST	2	27	pdxST	45	1	6	vanNH	pdxST	22	eop	FALSE	NA	o_line	eop	eop
2014-04-12_vanNH-at-pdxST	3	28	vanNH	46	1	9	pdxST	pdxST	13	LG	TRUE	pdxST	o_line	G	G
2014-04-12_vanNH-at-pdxST	3	29	pdxST	47	1	5	vanNH	vanNH	22	TD	FALSE	NA	o_line	TD	off -
2014-04-12_vanNH-at-pdxST	3	29	pdxST	48	2	7	pdxST	vanNH	22	D	FALSE	NA	d_line	D	def +
2014-04-12_vanNH-at-pdxST	3	29	pdxST	49	3	9	vanNH	vanNH	21	TD	FALSE	NA	o_line	TD	off -
2014-04-12_vanNH-at-pdxST	3	29	pdxST	50	4	19	pdxST	pdxST	3	G	TRUE	pdxST	d_line	G	G
2014-04-12_vanNH-at-pdxST	3	30	pdxST	51	1	4	vanNH	vanNH	5	TA	FALSE	NA	o_line	TA	off -
2014-04-12_vanNH-at-pdxST	3	30	pdxST	52	2	8	pdxST	vanNH	8	D	FALSE	NA	d_line	D	def +
2014-04-12_vanNH-at-pdxST	3	30	pdxST	53	3	12	vanNH	vanNH	22	TD	FALSE	NA	o_line	TD	off -
2014-04-12_vanNH-at-pdxST	3	30	pdxST	54	4	18	pdxST	pdxST	13	G	TRUE	pdxST	d_line	G	G
2014-04-12_vanNH-at-pdxST	3	31	pdxST	55	1	5	vanNH	vanNH	89	TA	FALSE	NA	o_line	TA	off -
2014-04-12_vanNH-at-pdxST	3	31	pdxST	56	2	34	pdxST	pdxST	7	G	TRUE	pdxST	d_line	G	G
2014-04-12_vanNH-at-pdxST	3	32	pdxST	57	1	8	vanNH	pdxST	3	D	FALSE	NA	o_line	D	def +
2014-04-12_vanNH-at-pdxST	3	32	pdxST	58	2	10	pdxST	pdxST	16	TA	FALSE	NA	d_line	TA	off -
2014-04-12_vanNH-at-pdxST	3	32	pdxST	59	3	24	vanNH	vanNH	22	G	TRUE	vanNH	o_line	G	G
2014-04-12_vanNH-at-pdxST	3	33	vanNH	60	1	8	pdxST	pdxST	13	G	TRUE	pdxST	o_line	G	G
2014-04-12_vanNH-at-pdxST	3	34	pdxST	61	1	6	vanNH	vanNH	89	TA	FALSE	NA	o_line	TA	off -
2014-04-12_vanNH-at-pdxST	3	34	pdxST	62	2	15	pdxST	pdxST	42	G	TRUE	pdxST	d_line	G	G
2014-04-12_vanNH-at-pdxST	3	35	pdxST	63	1	5	vanNH	vanNH	98	TD	FALSE	NA	o_line	TD	off -
2014-04-12_vanNH-at-pdxST	3	35	pdxST	64	2	10	pdxST	pdxST	88	VST	FALSE	NA	d_line	VST	off -
2014-04-12_vanNH-at-pdxST	3	35	pdxST	65	3	13	vanNH	pdxST	88	off F	TRUE	vanNH	o_line	off F	off -
2014-04-12_vanNH-at-pdxST	3	36	vanNH	66	1	10	pdxST	pdxST	42	eop	FALSE	NA	o_line	eop	eop
2014-04-12_vanNH-at-pdxST	4	37	pdxST	67	1	14	vanNH	vanNH	72	G	TRUE	vanNH	o_line	G	G
2014-04-12_vanNH-at-pdxST	4	38	vanNH	68	1	7	pdxST	vanNH	8	D	FALSE	NA	o_line	D	def +
2014-04-12_vanNH-at-pdxST	4	38	vanNH	69	2	22	vanNH	vanNH	45	G	TRUE	vanNH	d_line	G	G
2014-04-12_vanNH-at-pdxST	4	39	vanNH	70	1	8	pdxST	pdxST	13	LG	TRUE	pdxST	o_line	G	G
2014-04-12_vanNH-at-pdxST	4	40	pdxST	71	1	7	vanNH	vanNH	72	G	TRUE	vanNH	o_line	G	G
2014-04-12_vanNH-at-pdxST	4	41	vanNH	72	1	38	pdxST	pdxST	10	G	TRUE	pdxST	o_line	G	G
2014-04-12_vanNH-at-pdxST	4	42	pdxST	73	1	5	vanNH	vanNH	10	LG	TRUE	vanNH	o_line	G	G
2014-04-12_vanNH-at-pdxST	4	43	vanNH	74	1	14	pdxST	vanNH	33	D	FALSE	NA	o_line	D	def +
2014-04-12_vanNH-at-pdxST	4	43	vanNH	75	2	19	vanNH	vanNH	8	TA	FALSE	NA	d_line	TA	off -
2014-04-12_vanNH-at-pdxST	4	43	vanNH	76	3	24	pdxST	pdxST	13	TD	FALSE	NA	o_line	TD	off -
2014-04-12_vanNH-at-pdxST	4	43	vanNH	77	4	33	vanNH	vanNH	98	TD	FALSE	NA	d_line	TD	off -
2014-04-12_vanNH-at-pdxST	4	43	vanNH	78	5	35	pdxST	pdxST	17	LG	TRUE	pdxST	o_line	G	G
2014-04-12_vanNH-at-pdxST	4	44	pdxST	79	1	7	vanNH	vanNH	22	G	TRUE	vanNH	o_line	G	G
2014-04-12_vanNH-at-pdxST	4	45	vanNH	80	1	23	pdxST	pdxST	13	G	TRUE	pdxST	o_line	G	G
2014-04-12_vanNH-at-pdxST	4	46	pdxST	81	1	6	vanNH	vanNH	98	G	TRUE	vanNH	o_line	G	G
2014-04-12_vanNH-at-pdxST	4	47	vanNH	82	1	6	pdxST	pdxST	2	G	TRUE	pdxST	o_line	G	G
2014-04-20_sfoDF-at-vanNH	1	1	vanNH	1	1	5	sfoDF	vanNH	27	D	FALSE	NA	o_line	D	def +
2014-04-20_sfoDF-at-vanNH	1	1	vanNH	2	2	8	vanNH	sfoDF	34	HB	FALSE	NA	d_line	D	def +
2014-04-20_sfoDF-at-vanNH	1	1	vanNH	3	3	11	sfoDF	sfoDF	23	TD	FALSE	NA	o_line	TD	off -
2014-04-20_sfoDF-at-vanNH	1	1	vanNH	4	4	20	vanNH	vanNH	81	G	TRUE	vanNH	d_line	G	G
2014-04-20_sfoDF-at-vanNH	1	2	vanNH	5	1	5	sfoDF	sfoDF	3	G	TRUE	sfoDF	o_line	G	G
2014-04-20_sfoDF-at-vanNH	1	3	sfoDF	6	1	6	vanNH	vanNH	98	TA	FALSE	NA	o_line	TA	off -
2014-04-20_sfoDF-at-vanNH	1	3	sfoDF	7	2	9	sfoDF	sfoDF	17	TD	FALSE	NA	d_line	TD	off -
2014-04-20_sfoDF-at-vanNH	1	3	sfoDF	8	3	12	vanNH	vanNH	91	G	TRUE	vanNH	o_line	G	G
2014-04-20_sfoDF-at-vanNH	1	4	vanNH	9	1	4	sfoDF	vanNH	8	D	FALSE	NA	o_line	D	def +
2014-04-20_sfoDF-at-vanNH	1	4	vanNH	10	2	5	vanNH	vanNH	8	TA	FALSE	NA	d_line	TA	off -
2014-04-20_sfoDF-at-vanNH	1	4	vanNH	11	3	7	sfoDF	sfoDF	11	TD	FALSE	NA	o_line	TD	off -
2014-04-20_sfoDF-at-vanNH	1	4	vanNH	12	4	13	vanNH	vanNH	39	TD	FALSE	NA	d_line	TD	off -
2014-04-20_sfoDF-at-vanNH	1	4	vanNH	13	5	19	sfoDF	vanNH	27	D	FALSE	NA	o_line	D	def +
2014-04-20_sfoDF-at-vanNH	1	4	vanNH	14	6	21	vanNH	vanNH	8	VTT	FALSE	NA	d_line	VTT	off -
2014-04-20_sfoDF-at-vanNH	1	4	vanNH	15	7	23	sfoDF	sfoDF	88	TA	FALSE	NA	o_line	TA	off -
2014-04-20_sfoDF-at-vanNH	1	4	vanNH	16	8	32	vanNH	vanNH	72	G	TRUE	vanNH	d_line	G	G
2014-04-20_sfoDF-at-vanNH	1	5	vanNH	17	1	3	sfoDF	sfoDF	34	TA	FALSE	NA	o_line	TA	off -
2014-04-20_sfoDF-at-vanNH	1	5	vanNH	18	2	9	vanNH	vanNH	14	G	TRUE	vanNH	d_line	G	G
2014-04-20_sfoDF-at-vanNH	1	6	vanNH	19	1	12	sfoDF	sfoDF	1	G	TRUE	sfoDF	o_line	G	G
2014-04-20_sfoDF-at-vanNH	1	7	sfoDF	20	1	6	vanNH	vanNH	72	TD	FALSE	NA	o_line	TD	off -
2014-04-20_sfoDF-at-vanNH	1	7	sfoDF	21	2	11	sfoDF	vanNH	22	D	FALSE	NA	d_line	D	def +
2014-04-20_sfoDF-at-vanNH	1	7	sfoDF	22	3	13	vanNH	vanNH	21	TA	FALSE	NA	o_line	TA	off -
2014-04-20_sfoDF-at-vanNH	1	7	sfoDF	23	4	24	sfoDF	sfoDF	24	G	TRUE	sfoDF	d_line	G	G
2014-04-20_sfoDF-at-vanNH	1	8	sfoDF	24	1	6	vanNH	vanNH	10	TD	FALSE	NA	o_line	TD	off -
2014-04-20_sfoDF-at-vanNH	1	8	sfoDF	25	2	9	sfoDF	vanNH	10	D	FALSE	NA	d_line	D	def +
2014-04-20_sfoDF-at-vanNH	1	8	sfoDF	26	3	15	vanNH	vanNH	19	LG	TRUE	vanNH	o_line	G	G
2014-04-20_sfoDF-at-vanNH	1	9	vanNH	27	1	4	sfoDF	vanNH	13	D	FALSE	NA	o_line	D	def +
2014-04-20_sfoDF-at-vanNH	1	9	vanNH	28	2	5	vanNH	vanNH	11	eop	FALSE	NA	d_line	eop	eop
2014-04-20_sfoDF-at-vanNH	2	10	sfoDF	29	1	4	vanNH	vanNH	91	TA	FALSE	NA	o_line	TA	off -
2014-04-20_sfoDF-at-vanNH	2	10	sfoDF	30	2	6	sfoDF	sfoDF	7	VTT	FALSE	NA	d_line	VTT	off -
2014-04-20_sfoDF-at-vanNH	2	10	sfoDF	31	3	8	vanNH	vanNH	98	G	TRUE	vanNH	o_line	G	G
2014-04-20_sfoDF-at-vanNH	2	11	vanNH	32	1	7	sfoDF	vanNH	8	D	FALSE	NA	o_line	D	def +
2014-04-20_sfoDF-at-vanNH	2	11	vanNH	33	2	21	vanNH	vanNH	27	G	TRUE	vanNH	d_line	G	G
2014-04-20_sfoDF-at-vanNH	2	12	vanNH	34	1	3	sfoDF	vanNH	4	D	FALSE	NA	o_line	D	def +
2014-04-20_sfoDF-at-vanNH	2	12	vanNH	35	2	11	vanNH	vanNH	14	TD	FALSE	NA	d_line	TD	off -
2014-04-20_sfoDF-at-vanNH	2	12	vanNH	36	3	29	sfoDF	sfoDF	17	TD	FALSE	NA	o_line	TD	off -
2014-04-20_sfoDF-at-vanNH	2	12	vanNH	37	4	39	vanNH	vanNH	98	G	TRUE	vanNH	d_line	G	G
2014-04-20_sfoDF-at-vanNH	2	13	vanNH	38	1	18	sfoDF	sfoDF	34	VST	FALSE	NA	o_line	VST	off -
2014-04-20_sfoDF-at-vanNH	2	13	vanNH	39	2	23	vanNH	vanNH	27	G	TRUE	vanNH	d_line	G	G
2014-04-20_sfoDF-at-vanNH	2	14	vanNH	40	1	8	sfoDF	vanNH	18	D	FALSE	NA	o_line	D	def +
2014-04-20_sfoDF-at-vanNH	2	14	vanNH	41	2	10	vanNH	vanNH	11	TA	FALSE	NA	d_line	TA	off -
2014-04-20_sfoDF-at-vanNH	2	14	vanNH	42	3	12	sfoDF	sfoDF	11	off F	FALSE	NA	o_line	off F	off -
2014-04-20_sfoDF-at-vanNH	2	14	vanNH	43	4	18	vanNH	vanNH	39	G	TRUE	vanNH	d_line	G	G
2014-04-20_sfoDF-at-vanNH	2	15	vanNH	44	1	6	sfoDF	sfoDF	34	LG	TRUE	sfoDF	o_line	G	G
2014-04-20_sfoDF-at-vanNH	2	16	sfoDF	45	1	10	vanNH	vanNH	89	G	TRUE	vanNH	o_line	G	G
2014-04-20_sfoDF-at-vanNH	2	17	vanNH	46	1	8	sfoDF	vanNH	8	eop	FALSE	NA	o_line	eop	eop
2014-04-20_sfoDF-at-vanNH	3	18	vanNH	47	1	4	sfoDF	sfoDF	57	TA	FALSE	NA	o_line	TA	off -
2014-04-20_sfoDF-at-vanNH	3	18	vanNH	48	2	8	vanNH	vanNH	81	G	TRUE	vanNH	d_line	G	G
2014-04-20_sfoDF-at-vanNH	3	19	vanNH	49	1	6	sfoDF	vanNH	13	D	FALSE	NA	o_line	D	def +
2014-04-20_sfoDF-at-vanNH	3	19	vanNH	50	2	9	vanNH	vanNH	37	VTT	FALSE	NA	d_line	VTT	off -
2014-04-20_sfoDF-at-vanNH	3	19	vanNH	51	3	11	sfoDF	sfoDF	37	G	TRUE	sfoDF	o_line	G	G
2014-04-20_sfoDF-at-vanNH	3	20	sfoDF	52	1	10	vanNH	vanNH	98	G	TRUE	vanNH	o_line	G	G
2014-04-20_sfoDF-at-vanNH	3	21	vanNH	53	1	10	sfoDF	sfoDF	21	TA	FALSE	NA	o_line	TA	off -
2014-04-20_sfoDF-at-vanNH	3	21	vanNH	54	2	12	vanNH	vanNH	45	VTT	FALSE	NA	d_line	VTT	off -
2014-04-20_sfoDF-at-vanNH	3	21	vanNH	55	3	14	sfoDF	sfoDF	21	G	TRUE	sfoDF	o_line	G	G
2014-04-20_sfoDF-at-vanNH	3	22	sfoDF	56	1	4	vanNH	vanNH	5	TD	FALSE	NA	o_line	TD	off -
2014-04-20_sfoDF-at-vanNH	3	22	sfoDF	57	2	7	sfoDF	sfoDF	46	VTT	FALSE	NA	d_line	VTT	off -
2014-04-20_sfoDF-at-vanNH	3	22	sfoDF	58	3	12	vanNH	vanNH	22	TD	FALSE	NA	o_line	TD	off -
2014-04-20_sfoDF-at-vanNH	3	22	sfoDF	59	4	14	sfoDF	sfoDF	16	VST	FALSE	NA	d_line	VST	off -
2014-04-20_sfoDF-at-vanNH	3	22	sfoDF	60	5	19	vanNH	vanNH	98	G	TRUE	vanNH	o_line	G	G
2014-04-20_sfoDF-at-vanNH	3	23	vanNH	61	1	6	sfoDF	sfoDF	57	G	TRUE	sfoDF	o_line	G	G
2014-04-20_sfoDF-at-vanNH	3	24	sfoDF	62	1	9	vanNH	vanNH	72	G	TRUE	vanNH	o_line	G	G
2014-04-20_sfoDF-at-vanNH	3	25	vanNH	63	1	14	sfoDF	sfoDF	83	G	TRUE	sfoDF	o_line	G	G
2014-04-20_sfoDF-at-vanNH	3	26	sfoDF	64	1	5	vanNH	vanNH	98	LG	TRUE	vanNH	o_line	G	G
2014-04-20_sfoDF-at-vanNH	3	27	vanNH	65	1	3	sfoDF	sfoDF	83	TA	FALSE	NA	o_line	TA	off -
2014-04-20_sfoDF-at-vanNH	3	27	vanNH	66	2	8	vanNH	vanNH	33	G	TRUE	vanNH	d_line	G	G
2014-04-20_sfoDF-at-vanNH	3	28	vanNH	67	1	6	sfoDF	sfoDF	46	TD	FALSE	NA	o_line	TD	off -
2014-04-20_sfoDF-at-vanNH	3	28	vanNH	68	2	13	vanNH	vanNH	45	G	TRUE	vanNH	d_line	G	G
2014-04-20_sfoDF-at-vanNH	3	29	vanNH	69	1	10	sfoDF	sfoDF	34	G	TRUE	sfoDF	o_line	G	G
2014-04-20_sfoDF-at-vanNH	3	30	sfoDF	70	1	3	vanNH	vanNH	5	TA	FALSE	NA	o_line	TA	off -
2014-04-20_sfoDF-at-vanNH	3	30	sfoDF	71	2	14	sfoDF	sfoDF	17	TA	FALSE	NA	d_line	TA	off -
2014-04-20_sfoDF-at-vanNH	3	30	sfoDF	72	3	16	vanNH	sfoDF	18	D	FALSE	NA	o_line	D	def +
2014-04-20_sfoDF-at-vanNH	3	30	sfoDF	73	4	18	sfoDF	sfoDF	37	G	TRUE	sfoDF	d_line	G	G
2014-04-20_sfoDF-at-vanNH	3	31	sfoDF	74	1	5	vanNH	vanNH	8	eop	FALSE	NA	o_line	eop	eop
2014-04-20_sfoDF-at-vanNH	4	32	sfoDF	75	1	13	vanNH	vanNH	98	G	TRUE	vanNH	o_line	G	G
2014-04-20_sfoDF-at-vanNH	4	33	vanNH	76	1	5	sfoDF	vanNH	39	D	FALSE	NA	o_line	D	def +
2014-04-20_sfoDF-at-vanNH	4	33	vanNH	77	2	9	vanNH	vanNH	8	TD	FALSE	NA	d_line	TD	off -
2014-04-20_sfoDF-at-vanNH	4	33	vanNH	78	3	12	sfoDF	sfoDF	83	G	TRUE	sfoDF	o_line	G	G
2014-04-20_sfoDF-at-vanNH	4	34	sfoDF	79	1	10	vanNH	vanNH	10	LG	TRUE	vanNH	o_line	G	G
2014-04-20_sfoDF-at-vanNH	4	35	vanNH	80	1	7	sfoDF	vanNH	11	D	FALSE	NA	o_line	D	def +
2014-04-20_sfoDF-at-vanNH	4	35	vanNH	81	2	10	vanNH	vanNH	11	VST	FALSE	NA	d_line	VST	off -
2014-04-20_sfoDF-at-vanNH	4	35	vanNH	82	3	15	sfoDF	sfoDF	34	G	TRUE	sfoDF	o_line	G	G
2014-04-20_sfoDF-at-vanNH	4	36	sfoDF	83	1	6	vanNH	vanNH	72	LG	TRUE	vanNH	o_line	G	G
2014-04-20_sfoDF-at-vanNH	4	37	vanNH	84	1	10	sfoDF	sfoDF	88	G	TRUE	sfoDF	o_line	G	G
2014-04-20_sfoDF-at-vanNH	4	38	sfoDF	85	1	9	vanNH	vanNH	10	LG	TRUE	vanNH	o_line	G	G
2014-04-20_sfoDF-at-vanNH	4	39	vanNH	86	1	3	sfoDF	vanNH	14	D	FALSE	NA	o_line	D	def +
2014-04-20_sfoDF-at-vanNH	4	39	vanNH	87	2	6	vanNH	vanNH	14	G	TRUE	vanNH	d_line	G	G
2014-04-20_sfoDF-at-vanNH	4	40	vanNH	88	1	11	sfoDF	sfoDF	88	G	TRUE	sfoDF	o_line	G	G
2014-04-20_sfoDF-at-vanNH	4	41	sfoDF	89	1	5	vanNH	vanNH	98	LG	TRUE	vanNH	o_line	G	G
2014-04-20_sfoDF-at-vanNH	4	42	vanNH	90	1	6	sfoDF	sfoDF	88	TD	FALSE	NA	o_line	TD	off -
2014-04-20_sfoDF-at-vanNH	4	42	vanNH	91	2	23	vanNH	vanNH	18	G	TRUE	vanNH	d_line	G	G
2014-04-20_sfoDF-at-vanNH	4	43	vanNH	92	1	6	sfoDF	vanNH	39	D	FALSE	NA	o_line	D	def +
2014-04-20_sfoDF-at-vanNH	4	43	vanNH	93	2	11	vanNH	vanNH	45	TD	FALSE	NA	d_line	TD	off -
2014-04-20_sfoDF-at-vanNH	4	43	vanNH	94	3	14	sfoDF	sfoDF	46	TD	FALSE	NA	o_line	TD	off -
2014-04-20_sfoDF-at-vanNH	4	43	vanNH	95	4	16	vanNH	vanNH	27	G	TRUE	vanNH	d_line	G	G
2014-04-20_sfoDF-at-vanNH	4	44	vanNH	96	1	11	sfoDF	sfoDF	21	G	TRUE	sfoDF	o_line	G	G
2014-04-20_sfoDF-at-vanNH	4	45	sfoDF	97	1	4	vanNH	vanNH	19	TA	FALSE	NA	o_line	TA	off -
2014-04-20_sfoDF-at-vanNH	4	45	sfoDF	98	2	12	sfoDF	sfoDF	25	TA	FALSE	NA	d_line	TA	off -
2014-04-20_sfoDF-at-vanNH	4	45	sfoDF	99	3	15	vanNH	vanNH	19	eop	FALSE	NA	o_line	eop	eop
2014-04-26_vanNH-at-seaRM	1	1	vanNH	1	1	10	seaRM	seaRM	99	G	TRUE	seaRM	o_line	G	G
2014-04-26_vanNH-at-seaRM	1	2	seaRM	2	1	8	vanNH	seaRM	35	D	FALSE	NA	o_line	D	def +
2014-04-26_vanNH-at-seaRM	1	2	seaRM	3	2	10	seaRM	seaRM	23	TA	FALSE	NA	d_line	TA	off -
2014-04-26_vanNH-at-seaRM	1	2	seaRM	4	3	13	vanNH	vanNH	98	TA	FALSE	NA	o_line	TA	off -
2014-04-26_vanNH-at-seaRM	1	2	seaRM	5	4	21	seaRM	seaRM	35	LG	TRUE	seaRM	d_line	G	G
2014-04-26_vanNH-at-seaRM	1	3	seaRM	6	1	3	vanNH	seaRM	3	D	FALSE	NA	o_line	D	def +
2014-04-26_vanNH-at-seaRM	1	3	seaRM	7	2	6	seaRM	seaRM	51	G	TRUE	seaRM	d_line	G	G
2014-04-26_vanNH-at-seaRM	1	4	seaRM	8	1	8	vanNH	vanNH	22	LG	TRUE	vanNH	o_line	G	G
2014-04-26_vanNH-at-seaRM	1	5	vanNH	9	1	8	seaRM	seaRM	99	LG	TRUE	seaRM	o_line	G	G
2014-04-26_vanNH-at-seaRM	1	6	seaRM	10	1	13	vanNH	vanNH	98	LG	TRUE	vanNH	o_line	G	G
2014-04-26_vanNH-at-seaRM	1	7	vanNH	11	1	6	seaRM	vanNH	14	D	FALSE	NA	o_line	D	def +
2014-04-26_vanNH-at-seaRM	1	7	vanNH	12	2	13	vanNH	vanNH	13	G	TRUE	vanNH	d_line	G	G
2014-04-26_vanNH-at-seaRM	1	8	vanNH	13	1	6	seaRM	vanNH	27	D	FALSE	NA	o_line	D	def +
2014-04-26_vanNH-at-seaRM	1	8	vanNH	14	2	10	vanNH	vanNH	37	TA	FALSE	NA	d_line	TA	off -
2014-04-26_vanNH-at-seaRM	1	8	vanNH	15	3	14	seaRM	seaRM	1	TA	FALSE	NA	o_line	TA	off -
2014-04-26_vanNH-at-seaRM	1	8	vanNH	16	4	16	vanNH	seaRM	20	D	FALSE	NA	d_line	D	def +
2014-04-26_vanNH-at-seaRM	1	8	vanNH	17	5	19	seaRM	seaRM	25	LG	TRUE	seaRM	o_line	G	G
2014-04-26_vanNH-at-seaRM	1	9	seaRM	18	1	6	vanNH	vanNH	98	G	TRUE	vanNH	o_line	G	G
2014-04-26_vanNH-at-seaRM	1	10	vanNH	19	1	6	seaRM	seaRM	17	TA	FALSE	NA	o_line	TA	off -
2014-04-26_vanNH-at-seaRM	1	10	vanNH	20	2	11	vanNH	vanNH	45	G	TRUE	vanNH	d_line	G	G
2014-04-26_vanNH-at-seaRM	1	11	vanNH	21	1	4	seaRM	vanNH	33	D	FALSE	NA	o_line	D	def +
2014-04-26_vanNH-at-seaRM	1	11	vanNH	22	2	13	vanNH	vanNH	27	TD	FALSE	NA	d_line	TD	off -
2014-04-26_vanNH-at-seaRM	1	11	vanNH	23	3	15	seaRM	vanNH	81	off F	FALSE	NA	o_line	off F	off -
2014-04-26_vanNH-at-seaRM	1	11	vanNH	24	4	16	vanNH	vanNH	33	eop	FALSE	NA	d_line	eop	eop
2014-04-26_vanNH-at-seaRM	2	12	vanNH	25	1	6	seaRM	vanNH	18	D	FALSE	NA	o_line	D	def +
2014-04-26_vanNH-at-seaRM	2	12	vanNH	26	2	13	vanNH	vanNH	18	TD	FALSE	NA	d_line	TD	off -
2014-04-26_vanNH-at-seaRM	2	12	vanNH	27	3	19	seaRM	seaRM	3	TA	FALSE	NA	o_line	TA	off -
2014-04-26_vanNH-at-seaRM	2	12	vanNH	28	4	21	vanNH	vanNH	81	G	TRUE	vanNH	d_line	G	G
2014-04-26_vanNH-at-seaRM	2	13	vanNH	29	1	7	seaRM	seaRM	6	G	TRUE	seaRM	o_line	G	G
2014-04-26_vanNH-at-seaRM	2	14	seaRM	30	1	3	vanNH	vanNH	5	TA	FALSE	NA	o_line	TA	off -
2014-04-26_vanNH-at-seaRM	2	14	seaRM	31	2	14	seaRM	seaRM	48	G	TRUE	seaRM	d_line	G	G
2014-04-26_vanNH-at-seaRM	2	15	seaRM	32	1	15	vanNH	seaRM	9	D	FALSE	NA	o_line	D	def +
2014-04-26_vanNH-at-seaRM	2	15	seaRM	33	2	16	seaRM	seaRM	29	TA	FALSE	NA	d_line	TA	off -
2014-04-26_vanNH-at-seaRM	2	15	seaRM	34	3	20	vanNH	seaRM	13	D	FALSE	NA	o_line	D	def +
2014-04-26_vanNH-at-seaRM	2	15	seaRM	35	4	22	seaRM	seaRM	2	G	TRUE	seaRM	d_line	G	G
2014-04-26_vanNH-at-seaRM	2	16	seaRM	36	1	9	vanNH	vanNH	10	G	TRUE	vanNH	o_line	G	G
2014-04-26_vanNH-at-seaRM	2	17	vanNH	37	1	6	seaRM	seaRM	48	LG	TRUE	seaRM	o_line	G	G
2014-04-26_vanNH-at-seaRM	2	18	seaRM	38	1	12	vanNH	seaRM	35	D	FALSE	NA	o_line	D	def +
2014-04-26_vanNH-at-seaRM	2	18	seaRM	39	2	17	seaRM	seaRM	6	TA	FALSE	NA	d_line	TA	off -
2014-04-26_vanNH-at-seaRM	2	18	seaRM	40	3	19	vanNH	vanNH	31	TA	FALSE	NA	o_line	TA	off -
2014-04-26_vanNH-at-seaRM	2	18	seaRM	41	4	21	seaRM	seaRM	20	TA	FALSE	NA	d_line	TA	off -
2014-04-26_vanNH-at-seaRM	2	18	seaRM	42	5	26	vanNH	vanNH	22	G	TRUE	vanNH	o_line	G	G
2014-04-26_vanNH-at-seaRM	2	19	vanNH	43	1	6	seaRM	vanNH	45	D	FALSE	NA	o_line	D	def +
2014-04-26_vanNH-at-seaRM	2	19	vanNH	44	2	11	vanNH	seaRM	0	D	FALSE	NA	d_line	D	def +
2014-04-26_vanNH-at-seaRM	2	19	vanNH	45	3	19	seaRM	seaRM	48	G	TRUE	seaRM	o_line	G	G
2014-04-26_vanNH-at-seaRM	2	20	seaRM	46	1	12	vanNH	vanNH	89	TA	FALSE	NA	o_line	TA	off -
2014-04-26_vanNH-at-seaRM	2	20	seaRM	47	2	14	seaRM	vanNH	89	D	FALSE	NA	d_line	D	def +
2014-04-26_vanNH-at-seaRM	2	20	seaRM	48	3	16	vanNH	vanNH	98	LG	TRUE	vanNH	o_line	G	G
2014-04-26_vanNH-at-seaRM	3	21	seaRM	49	1	11	vanNH	seaRM	9	D	FALSE	NA	o_line	D	def +
2014-04-26_vanNH-at-seaRM	3	21	seaRM	50	2	15	seaRM	seaRM	23	G	TRUE	seaRM	d_line	G	G
2014-04-26_vanNH-at-seaRM	3	22	seaRM	51	1	3	vanNH	vanNH	89	LG	TRUE	vanNH	o_line	G	G
2014-04-26_vanNH-at-seaRM	3	23	vanNH	52	1	16	seaRM	seaRM	99	G	TRUE	seaRM	o_line	G	G
2014-04-26_vanNH-at-seaRM	3	24	seaRM	53	1	13	vanNH	vanNH	98	LG	TRUE	vanNH	o_line	G	G
2014-04-26_vanNH-at-seaRM	3	25	vanNH	54	1	7	seaRM	seaRM	17	TA	FALSE	NA	o_line	TA	off -
2014-04-26_vanNH-at-seaRM	3	25	vanNH	55	2	9	vanNH	seaRM	17	D	FALSE	NA	d_line	D	def +
2014-04-26_vanNH-at-seaRM	3	25	vanNH	56	3	15	seaRM	seaRM	20	TA	FALSE	NA	o_line	TA	off -
2014-04-26_vanNH-at-seaRM	3	25	vanNH	57	4	28	vanNH	vanNH	21	G	TRUE	vanNH	d_line	G	G
2014-04-26_vanNH-at-seaRM	3	26	vanNH	58	1	8	seaRM	seaRM	6	LG	TRUE	seaRM	o_line	G	G
2014-04-26_vanNH-at-seaRM	3	27	seaRM	59	1	8	vanNH	seaRM	2	D	FALSE	NA	o_line	D	def +
2014-04-26_vanNH-at-seaRM	3	27	seaRM	60	2	10	seaRM	seaRM	35	TA	FALSE	NA	d_line	TA	off -
2014-04-26_vanNH-at-seaRM	3	27	seaRM	61	3	14	vanNH	seaRM	9	D	FALSE	NA	o_line	D	def +
2014-04-26_vanNH-at-seaRM	3	27	seaRM	62	4	20	seaRM	seaRM	24	G	TRUE	seaRM	d_line	G	G
2014-04-26_vanNH-at-seaRM	3	28	seaRM	63	1	5	vanNH	vanNH	91	TA	FALSE	NA	o_line	TA	off -
2014-04-26_vanNH-at-seaRM	3	28	seaRM	64	2	17	seaRM	seaRM	48	eop	FALSE	NA	d_line	eop	eop
2014-04-26_vanNH-at-seaRM	4	29	seaRM	65	1	18	vanNH	vanNH	22	TA	FALSE	NA	o_line	TA	off -
2014-04-26_vanNH-at-seaRM	4	29	seaRM	66	2	22	seaRM	seaRM	9	G	TRUE	seaRM	d_line	G	G
2014-04-26_vanNH-at-seaRM	4	30	seaRM	67	1	4	vanNH	vanNH	8	LG	TRUE	vanNH	o_line	G	G
2014-04-26_vanNH-at-seaRM	4	31	vanNH	68	1	4	seaRM	seaRM	99	TA	FALSE	NA	o_line	TA	off -
2014-04-26_vanNH-at-seaRM	4	31	vanNH	69	2	8	vanNH	seaRM	29	D	FALSE	NA	d_line	D	def +
2014-04-26_vanNH-at-seaRM	4	31	vanNH	70	3	17	seaRM	seaRM	9	G	TRUE	seaRM	o_line	G	G
2014-04-26_vanNH-at-seaRM	4	32	seaRM	71	1	10	vanNH	vanNH	72	G	TRUE	vanNH	o_line	G	G
2014-04-26_vanNH-at-seaRM	4	33	vanNH	72	1	4	seaRM	seaRM	48	G	TRUE	seaRM	o_line	G	G
2014-04-26_vanNH-at-seaRM	4	34	seaRM	73	1	6	vanNH	vanNH	5	G	TRUE	vanNH	o_line	G	G
2014-04-26_vanNH-at-seaRM	4	35	vanNH	74	1	10	seaRM	seaRM	20	TA	FALSE	NA	o_line	TA	off -
2014-04-26_vanNH-at-seaRM	4	35	vanNH	75	2	16	vanNH	seaRM	27	D	FALSE	NA	d_line	D	def +
2014-04-26_vanNH-at-seaRM	4	35	vanNH	76	3	21	seaRM	seaRM	3	TA	FALSE	NA	o_line	TA	off -
2014-04-26_vanNH-at-seaRM	4	35	vanNH	77	4	26	vanNH	seaRM	3	D	FALSE	NA	d_line	D	def +
2014-04-26_vanNH-at-seaRM	4	35	vanNH	78	5	32	seaRM	seaRM	5	TA	FALSE	NA	o_line	TA	off -
2014-04-26_vanNH-at-seaRM	4	35	vanNH	79	6	40	vanNH	seaRM	99	D	FALSE	NA	d_line	D	def +
2014-04-26_vanNH-at-seaRM	4	35	vanNH	80	7	42	seaRM	seaRM	99	LG	TRUE	seaRM	o_line	G	G
2014-04-26_vanNH-at-seaRM	4	36	seaRM	81	1	4	vanNH	vanNH	22	TA	FALSE	NA	o_line	TA	off -
2014-04-26_vanNH-at-seaRM	4	36	seaRM	82	2	24	seaRM	seaRM	9	G	TRUE	seaRM	d_line	G	G
2014-04-26_vanNH-at-seaRM	4	37	seaRM	83	1	5	vanNH	vanNH	18	TD	FALSE	NA	o_line	TD	off -
2014-04-26_vanNH-at-seaRM	4	37	seaRM	84	2	9	seaRM	seaRM	23	G	TRUE	seaRM	d_line	G	G
2014-04-26_vanNH-at-seaRM	4	38	seaRM	85	1	4	vanNH	vanNH	31	TA	FALSE	NA	o_line	TA	off -
2014-04-26_vanNH-at-seaRM	4	38	seaRM	86	2	5	seaRM	seaRM	4	eop	FALSE	NA	d_line	eop	eop
2014-05-10_seaRM-at-vanNH	1	1	seaRM	1	1	21	vanNH	vanNH	10	G	TRUE	vanNH	o_line	G	G
2014-05-10_seaRM-at-vanNH	1	2	vanNH	2	1	4	seaRM	seaRM	51	TA	FALSE	NA	o_line	TA	off -
2014-05-10_seaRM-at-vanNH	1	2	vanNH	3	2	8	vanNH	vanNH	18	TA	FALSE	NA	d_line	TA	off -
2014-05-10_seaRM-at-vanNH	1	2	vanNH	4	3	13	seaRM	vanNH	24	D	FALSE	NA	o_line	D	def +
2014-05-10_seaRM-at-vanNH	1	2	vanNH	5	4	18	vanNH	vanNH	45	TA	FALSE	NA	d_line	TA	off -
2014-05-10_seaRM-at-vanNH	1	2	vanNH	6	5	20	seaRM	seaRM	6	TA	FALSE	NA	o_line	TA	off -
2014-05-10_seaRM-at-vanNH	1	2	vanNH	7	6	25	vanNH	vanNH	8	LG	TRUE	vanNH	d_line	G	G
2014-05-10_seaRM-at-vanNH	1	3	vanNH	8	1	5	seaRM	seaRM	6	G	TRUE	seaRM	o_line	G	G
2014-05-10_seaRM-at-vanNH	1	4	seaRM	9	1	5	vanNH	vanNH	89	TD	FALSE	NA	o_line	TD	off -
2014-05-10_seaRM-at-vanNH	1	4	seaRM	10	2	10	seaRM	seaRM	29	G	TRUE	seaRM	d_line	G	G
2014-05-10_seaRM-at-vanNH	1	5	seaRM	11	1	13	vanNH	vanNH	13	TD	FALSE	NA	o_line	TD	off -
2014-05-10_seaRM-at-vanNH	1	5	seaRM	12	2	18	seaRM	seaRM	21	TA	FALSE	NA	d_line	TA	off -
2014-05-10_seaRM-at-vanNH	1	5	seaRM	13	3	22	vanNH	vanNH	13	G	TRUE	vanNH	o_line	G	G
2014-05-10_seaRM-at-vanNH	1	6	vanNH	14	1	7	seaRM	seaRM	20	TA	FALSE	NA	o_line	TA	off -
2014-05-10_seaRM-at-vanNH	1	6	vanNH	15	2	12	vanNH	vanNH	31	TA	FALSE	NA	d_line	TA	off -
2014-05-10_seaRM-at-vanNH	1	6	vanNH	16	3	16	seaRM	seaRM	48	LG	TRUE	seaRM	o_line	G	G
2014-05-10_seaRM-at-vanNH	1	7	seaRM	17	1	13	vanNH	vanNH	22	G	TRUE	vanNH	o_line	G	G
2014-05-10_seaRM-at-vanNH	1	8	vanNH	18	1	7	seaRM	seaRM	48	LG	TRUE	seaRM	o_line	G	G
2014-05-10_seaRM-at-vanNH	1	9	seaRM	19	1	12	vanNH	vanNH	98	G	TRUE	vanNH	o_line	G	G
2014-05-10_seaRM-at-vanNH	1	10	vanNH	20	1	6	seaRM	seaRM	48	G	TRUE	seaRM	o_line	G	G
2014-05-10_seaRM-at-vanNH	1	11	seaRM	21	1	12	vanNH	vanNH	98	G	TRUE	vanNH	o_line	G	G
2014-05-10_seaRM-at-vanNH	1	12	vanNH	22	1	4	seaRM	vanNH	8	eop	FALSE	NA	o_line	eop	eop
2014-05-10_seaRM-at-vanNH	2	13	vanNH	23	1	16	seaRM	seaRM	48	G	TRUE	seaRM	o_line	G	G
2014-05-10_seaRM-at-vanNH	2	14	seaRM	24	1	6	vanNH	vanNH	22	LG	TRUE	vanNH	o_line	G	G
2014-05-10_seaRM-at-vanNH	2	15	vanNH	25	1	3	seaRM	vanNH	7	D	FALSE	NA	o_line	D	def +
2014-05-10_seaRM-at-vanNH	2	15	vanNH	26	2	6	vanNH	vanNH	14	G	TRUE	vanNH	d_line	G	G
2014-05-10_seaRM-at-vanNH	2	16	vanNH	27	1	9	seaRM	vanNH	13	D	FALSE	NA	o_line	D	def +
2014-05-10_seaRM-at-vanNH	2	16	vanNH	28	2	19	vanNH	vanNH	37	G	TRUE	vanNH	d_line	G	G
2014-05-10_seaRM-at-vanNH	2	17	vanNH	29	1	11	seaRM	seaRM	48	G	TRUE	seaRM	o_line	G	G
2014-05-10_seaRM-at-vanNH	2	18	seaRM	30	1	6	vanNH	vanNH	91	LG	TRUE	vanNH	o_line	G	G
2014-05-10_seaRM-at-vanNH	2	19	vanNH	31	1	6	seaRM	vanNH	24	D	FALSE	NA	o_line	D	def +
2014-05-10_seaRM-at-vanNH	2	19	vanNH	32	2	9	vanNH	seaRM	48	D	FALSE	NA	d_line	D	def +
2014-05-10_seaRM-at-vanNH	2	19	vanNH	33	3	15	seaRM	seaRM	99	G	TRUE	seaRM	o_line	G	G
2014-05-10_seaRM-at-vanNH	2	20	seaRM	34	1	15	vanNH	seaRM	23	D	FALSE	NA	o_line	D	def +
2014-05-10_seaRM-at-vanNH	2	20	seaRM	35	2	17	seaRM	seaRM	29	TA	FALSE	NA	d_line	TA	off -
2014-05-10_seaRM-at-vanNH	2	20	seaRM	36	3	19	vanNH	vanNH	72	G	TRUE	vanNH	o_line	G	G
2014-05-10_seaRM-at-vanNH	2	21	vanNH	37	1	6	seaRM	seaRM	8	LG	TRUE	seaRM	o_line	G	G
2014-05-10_seaRM-at-vanNH	2	22	seaRM	38	1	9	vanNH	vanNH	21	G	TRUE	vanNH	o_line	G	G
2014-05-10_seaRM-at-vanNH	2	23	vanNH	39	1	14	seaRM	seaRM	48	G	TRUE	seaRM	o_line	G	G
2014-05-10_seaRM-at-vanNH	2	24	seaRM	40	1	6	vanNH	seaRM	23	D	FALSE	NA	o_line	D	def +
2014-05-10_seaRM-at-vanNH	2	24	seaRM	41	2	16	seaRM	seaRM	25	TA	FALSE	NA	d_line	TA	off -
2014-05-10_seaRM-at-vanNH	2	24	seaRM	42	3	29	vanNH	vanNH	72	G	TRUE	vanNH	o_line	G	G
2014-05-10_seaRM-at-vanNH	2	25	vanNH	43	1	8	seaRM	vanNH	24	D	FALSE	NA	o_line	D	def +
2014-05-10_seaRM-at-vanNH	2	25	vanNH	44	2	10	vanNH	vanNH	45	eop	FALSE	NA	d_line	eop	eop
2014-05-10_seaRM-at-vanNH	3	26	seaRM	45	1	7	vanNH	seaRM	18	D	FALSE	NA	o_line	D	def +
2014-05-10_seaRM-at-vanNH	3	26	seaRM	46	2	18	seaRM	seaRM	15	G	TRUE	seaRM	d_line	G	G
2014-05-10_seaRM-at-vanNH	3	27	seaRM	47	1	7	vanNH	vanNH	13	G	TRUE	vanNH	o_line	G	G
2014-05-10_seaRM-at-vanNH	3	28	vanNH	48	1	16	seaRM	seaRM	48	G	TRUE	seaRM	o_line	G	G
2014-05-10_seaRM-at-vanNH	3	29	seaRM	49	1	6	vanNH	vanNH	98	LG	TRUE	vanNH	o_line	G	G
2014-05-10_seaRM-at-vanNH	3	30	vanNH	50	1	9	seaRM	seaRM	6	G	TRUE	seaRM	o_line	G	G
2014-05-10_seaRM-at-vanNH	3	31	seaRM	51	1	7	vanNH	seaRM	15	D	FALSE	NA	o_line	D	def +
2014-05-10_seaRM-at-vanNH	3	31	seaRM	52	2	18	seaRM	seaRM	17	VTT	FALSE	NA	d_line	VTT	off -
2014-05-10_seaRM-at-vanNH	3	31	seaRM	53	3	22	vanNH	vanNH	4	G	TRUE	vanNH	o_line	G	G
2014-05-10_seaRM-at-vanNH	3	32	vanNH	54	1	4	seaRM	seaRM	48	G	TRUE	seaRM	o_line	G	G
2014-05-10_seaRM-at-vanNH	3	33	seaRM	55	1	12	vanNH	vanNH	22	LG	TRUE	vanNH	o_line	G	G
2014-05-10_seaRM-at-vanNH	3	34	vanNH	56	1	8	seaRM	seaRM	99	LG	TRUE	seaRM	o_line	G	G
2014-05-10_seaRM-at-vanNH	3	35	seaRM	57	1	6	vanNH	vanNH	98	LG	TRUE	vanNH	o_line	G	G
2014-05-10_seaRM-at-vanNH	3	36	vanNH	58	1	7	seaRM	seaRM	1	TD	FALSE	NA	o_line	TD	off -
2014-05-10_seaRM-at-vanNH	3	36	vanNH	59	2	10	vanNH	vanNH	4	G	TRUE	vanNH	d_line	G	G
2014-05-10_seaRM-at-vanNH	3	37	vanNH	60	1	6	seaRM	vanNH	14	HB	FALSE	NA	o_line	D	def +
2014-05-10_seaRM-at-vanNH	3	37	vanNH	61	2	14	vanNH	vanNH	10	G	TRUE	vanNH	d_line	G	G
2014-05-10_seaRM-at-vanNH	3	38	vanNH	62	1	6	seaRM	vanNH	24	D	FALSE	NA	o_line	D	def +
2014-05-10_seaRM-at-vanNH	3	38	vanNH	63	2	12	vanNH	vanNH	27	G	TRUE	vanNH	d_line	G	G
2014-05-10_seaRM-at-vanNH	3	39	vanNH	64	1	7	seaRM	seaRM	20	VST	FALSE	NA	o_line	VST	off -
2014-05-10_seaRM-at-vanNH	3	39	vanNH	65	2	12	vanNH	vanNH	13	TD	FALSE	NA	d_line	TD	off -
2014-05-10_seaRM-at-vanNH	3	39	vanNH	66	3	21	seaRM	seaRM	29	TD	FALSE	NA	o_line	TD	off -
2014-05-10_seaRM-at-vanNH	3	39	vanNH	67	4	23	vanNH	seaRM	20	D	FALSE	NA	d_line	D	def +
2014-05-10_seaRM-at-vanNH	3	39	vanNH	68	5	25	seaRM	seaRM	20	TA	FALSE	NA	o_line	TA	off -
2014-05-10_seaRM-at-vanNH	3	39	vanNH	69	6	27	vanNH	vanNH	72	G	TRUE	vanNH	d_line	G	G
2014-05-10_seaRM-at-vanNH	4	40	vanNH	70	1	11	seaRM	seaRM	51	LG	TRUE	seaRM	o_line	G	G
2014-05-10_seaRM-at-vanNH	4	41	seaRM	71	1	10	vanNH	vanNH	91	TA	FALSE	NA	o_line	TA	off -
2014-05-10_seaRM-at-vanNH	4	41	seaRM	72	2	25	seaRM	seaRM	99	LG	TRUE	seaRM	d_line	G	G
2014-05-10_seaRM-at-vanNH	4	42	seaRM	73	1	15	vanNH	vanNH	8	G	TRUE	vanNH	o_line	G	G
2014-05-10_seaRM-at-vanNH	4	43	vanNH	74	1	7	seaRM	seaRM	17	TA	FALSE	NA	o_line	TA	off -
2014-05-10_seaRM-at-vanNH	4	43	vanNH	75	2	11	vanNH	vanNH	14	TA	FALSE	NA	d_line	TA	off -
2014-05-10_seaRM-at-vanNH	4	43	vanNH	76	3	14	seaRM	seaRM	48	LG	TRUE	seaRM	o_line	G	G
2014-05-10_seaRM-at-vanNH	4	44	seaRM	77	1	8	vanNH	vanNH	98	G	TRUE	vanNH	o_line	G	G
2014-05-10_seaRM-at-vanNH	4	45	vanNH	78	1	7	seaRM	seaRM	48	G	TRUE	seaRM	o_line	G	G
2014-05-10_seaRM-at-vanNH	4	46	seaRM	79	1	8	vanNH	vanNH	19	G	TRUE	vanNH	o_line	G	G
2014-05-10_seaRM-at-vanNH	4	47	vanNH	80	1	6	seaRM	vanNH	4	D	FALSE	NA	o_line	D	def +
2014-05-10_seaRM-at-vanNH	4	47	vanNH	81	2	11	vanNH	vanNH	27	G	TRUE	vanNH	d_line	G	G
2014-05-10_seaRM-at-vanNH	4	48	vanNH	82	1	15	seaRM	seaRM	48	G	TRUE	seaRM	o_line	G	G
2014-05-10_seaRM-at-vanNH	4	49	seaRM	83	1	5	vanNH	vanNH	72	G	TRUE	vanNH	o_line	G	G
2014-05-10_seaRM-at-vanNH	4	50	vanNH	84	1	4	seaRM	seaRM	6	LG	TRUE	seaRM	o_line	G	G
2014-05-10_seaRM-at-vanNH	4	51	seaRM	85	1	10	vanNH	vanNH	22	G	TRUE	vanNH	o_line	G	G
2014-05-10_seaRM-at-vanNH	4	52	vanNH	86	1	5	seaRM	seaRM	6	TA	FALSE	NA	o_line	TA	off -
2014-05-10_seaRM-at-vanNH	4	52	vanNH	87	2	7	vanNH	vanNH	18	VTT	FALSE	NA	d_line	VTT	off -
2014-05-10_seaRM-at-vanNH	4	52	vanNH	88	3	12	seaRM	seaRM	14	TA	FALSE	NA	o_line	TA	off -
2014-05-10_seaRM-at-vanNH	4	52	vanNH	89	4	14	vanNH	vanNH	7	TD	FALSE	NA	d_line	TD	off -
2014-05-10_seaRM-at-vanNH	4	52	vanNH	90	5	19	seaRM	seaRM	25	G	TRUE	seaRM	o_line	G	G
2014-05-10_seaRM-at-vanNH	4	53	seaRM	91	1	9	vanNH	vanNH	72	G	TRUE	vanNH	o_line	G	G
2014-05-10_seaRM-at-vanNH	4	54	vanNH	92	1	5	seaRM	seaRM	48	G	TRUE	seaRM	o_line	G	G
2014-05-10_seaRM-at-vanNH	4	55	seaRM	93	1	7	vanNH	vanNH	89	eop	FALSE	NA	o_line	eop	eop
2014-05-17_vanNH-at-sfoDF	1	1	sfoDF	1	1	3	vanNH	vanNH	5	TA	FALSE	NA	o_line	TA	off -
2014-05-17_vanNH-at-sfoDF	1	1	sfoDF	2	2	4	sfoDF	sfoDF	18	TA	FALSE	NA	d_line	TA	off -
2014-05-17_vanNH-at-sfoDF	1	1	sfoDF	3	3	8	vanNH	vanNH	72	TA	FALSE	NA	o_line	TA	off -
2014-05-17_vanNH-at-sfoDF	1	1	sfoDF	4	4	9	sfoDF	sfoDF	18	TA	FALSE	NA	d_line	TA	off -
2014-05-17_vanNH-at-sfoDF	1	1	sfoDF	5	5	12	vanNH	sfoDF	16	D	FALSE	NA	o_line	D	def +
2014-05-17_vanNH-at-sfoDF	1	1	sfoDF	6	6	14	sfoDF	vanNH	89	D	FALSE	NA	d_line	D	def +
2014-05-17_vanNH-at-sfoDF	1	1	sfoDF	7	7	23	vanNH	sfoDF	21	D	FALSE	NA	o_line	D	def +
2014-05-17_vanNH-at-sfoDF	1	1	sfoDF	8	8	25	sfoDF	sfoDF	16	TA	FALSE	NA	d_line	TA	off -
2014-05-17_vanNH-at-sfoDF	1	1	sfoDF	9	9	28	vanNH	sfoDF	85	D	FALSE	NA	o_line	D	def +
2014-05-17_vanNH-at-sfoDF	1	1	sfoDF	10	10	30	sfoDF	sfoDF	21	LG	TRUE	sfoDF	d_line	G	G
2014-05-17_vanNH-at-sfoDF	1	2	sfoDF	11	1	5	vanNH	vanNH	39	VTT	FALSE	NA	o_line	VTT	off -
2014-05-17_vanNH-at-sfoDF	1	2	sfoDF	12	2	12	sfoDF	sfoDF	6	G	TRUE	sfoDF	d_line	G	G
2014-05-17_vanNH-at-sfoDF	1	3	sfoDF	13	1	19	vanNH	vanNH	98	G	TRUE	vanNH	o_line	G	G
2014-05-17_vanNH-at-sfoDF	1	4	vanNH	14	1	8	sfoDF	sfoDF	23	TA	FALSE	NA	o_line	TA	off -
2014-05-17_vanNH-at-sfoDF	1	4	vanNH	15	2	10	vanNH	vanNH	31	G	TRUE	vanNH	d_line	G	G
2014-05-17_vanNH-at-sfoDF	1	5	vanNH	16	1	3	sfoDF	sfoDF	16	TA	FALSE	NA	o_line	TA	off -
2014-05-17_vanNH-at-sfoDF	1	5	vanNH	17	2	5	vanNH	vanNH	14	TA	FALSE	NA	d_line	TA	off -
2014-05-17_vanNH-at-sfoDF	1	5	vanNH	18	3	7	sfoDF	vanNH	14	D	FALSE	NA	o_line	D	def +
2014-05-17_vanNH-at-sfoDF	1	5	vanNH	19	4	10	vanNH	sfoDF	12	D	FALSE	NA	d_line	D	def +
2014-05-17_vanNH-at-sfoDF	1	5	vanNH	20	5	16	sfoDF	sfoDF	21	G	TRUE	sfoDF	o_line	G	G
2014-05-17_vanNH-at-sfoDF	1	6	sfoDF	21	1	7	vanNH	vanNH	72	TD	FALSE	NA	o_line	TD	off -
2014-05-17_vanNH-at-sfoDF	1	6	sfoDF	22	2	12	sfoDF	sfoDF	13	TD	FALSE	NA	d_line	TD	off -
2014-05-17_vanNH-at-sfoDF	1	6	sfoDF	23	3	21	vanNH	vanNH	89	G	TRUE	vanNH	o_line	G	G
2014-05-17_vanNH-at-sfoDF	1	7	vanNH	24	1	9	sfoDF	sfoDF	17	G	TRUE	sfoDF	o_line	G	G
2014-05-17_vanNH-at-sfoDF	1	8	sfoDF	25	1	3	vanNH	vanNH	21	TD	FALSE	NA	o_line	TD	off -
2014-05-17_vanNH-at-sfoDF	1	8	sfoDF	26	2	5	sfoDF	sfoDF	8	TA	FALSE	NA	d_line	TA	off -
2014-05-17_vanNH-at-sfoDF	1	8	sfoDF	27	3	10	vanNH	sfoDF	34	D	FALSE	NA	o_line	D	def +
2014-05-17_vanNH-at-sfoDF	1	8	sfoDF	28	4	11	sfoDF	sfoDF	23	TA	FALSE	NA	d_line	TA	off -
2014-05-17_vanNH-at-sfoDF	1	8	sfoDF	29	5	13	vanNH	vanNH	10	G	TRUE	vanNH	o_line	G	G
2014-05-17_vanNH-at-sfoDF	1	9	vanNH	30	1	6	sfoDF	vanNH	8	D	FALSE	NA	o_line	D	def +
2014-05-17_vanNH-at-sfoDF	1	9	vanNH	31	2	7	vanNH	sfoDF	12	eop	FALSE	NA	d_line	eop	eop
2014-05-17_vanNH-at-sfoDF	2	10	vanNH	32	1	7	sfoDF	sfoDF	11	G	TRUE	sfoDF	o_line	G	G
2014-05-17_vanNH-at-sfoDF	2	11	sfoDF	33	1	4	vanNH	sfoDF	46	D	FALSE	NA	o_line	D	def +
2014-05-17_vanNH-at-sfoDF	2	11	sfoDF	34	2	9	sfoDF	sfoDF	18	LG	TRUE	sfoDF	d_line	G	G
2014-05-17_vanNH-at-sfoDF	2	12	sfoDF	35	1	6	vanNH	sfoDF	23	D	FALSE	NA	o_line	D	def +
2014-05-17_vanNH-at-sfoDF	2	12	sfoDF	36	2	9	sfoDF	vanNH	49	D	FALSE	NA	d_line	D	def +
2014-05-17_vanNH-at-sfoDF	2	12	sfoDF	37	3	12	vanNH	sfoDF	34	D	FALSE	NA	o_line	D	def +
2014-05-17_vanNH-at-sfoDF	2	12	sfoDF	38	4	13	sfoDF	sfoDF	40	TA	FALSE	NA	d_line	TA	off -
2014-05-17_vanNH-at-sfoDF	2	12	sfoDF	39	5	15	vanNH	vanNH	13	G	TRUE	vanNH	o_line	G	G
2014-05-17_vanNH-at-sfoDF	2	13	vanNH	40	1	4	sfoDF	sfoDF	5	TD	FALSE	NA	o_line	TD	off -
2014-05-17_vanNH-at-sfoDF	2	13	vanNH	41	2	6	vanNH	sfoDF	85	D	FALSE	NA	d_line	D	def +
2014-05-17_vanNH-at-sfoDF	2	13	vanNH	42	3	15	sfoDF	sfoDF		TA	FALSE	NA	o_line	TA	off -
2014-05-17_vanNH-at-sfoDF	2	13	vanNH	43	4	18	vanNH	vanNH	22	TD	FALSE	NA	d_line	TD	off -
2014-05-17_vanNH-at-sfoDF	2	13	vanNH	44	5	21	sfoDF	sfoDF	16	TA	FALSE	NA	o_line	TA	off -
2014-05-17_vanNH-at-sfoDF	2	13	vanNH	45	6	24	vanNH	sfoDF	46	D	FALSE	NA	d_line	D	def +
2014-05-17_vanNH-at-sfoDF	2	13	vanNH	46	7	29	sfoDF	sfoDF	6	G	TRUE	sfoDF	o_line	G	G
2014-05-17_vanNH-at-sfoDF	2	14	sfoDF	47	1	9	vanNH	sfoDF	23	D	FALSE	NA	o_line	D	def +
2014-05-17_vanNH-at-sfoDF	2	14	sfoDF	48	2	12	sfoDF	sfoDF	34	TA	FALSE	NA	d_line	TA	off -
2014-05-17_vanNH-at-sfoDF	2	14	sfoDF	49	3	16	vanNH	vanNH	5	TA	FALSE	NA	o_line	TA	off -
2014-05-17_vanNH-at-sfoDF	2	14	sfoDF	50	4	18	sfoDF	sfoDF	9	TD	FALSE	NA	d_line	TD	off -
2014-05-17_vanNH-at-sfoDF	2	14	sfoDF	51	5	19	vanNH	vanNH	5	TA	FALSE	NA	o_line	TA	off -
2014-05-17_vanNH-at-sfoDF	2	14	sfoDF	52	6	25	sfoDF	vanNH	22	D	FALSE	NA	d_line	D	def +
2014-05-17_vanNH-at-sfoDF	2	14	sfoDF	53	7	27	vanNH	sfoDF	34	D	FALSE	NA	o_line	D	def +
2014-05-17_vanNH-at-sfoDF	2	14	sfoDF	54	8	29	sfoDF	sfoDF	23	TD	FALSE	NA	d_line	TD	off -
2014-05-17_vanNH-at-sfoDF	2	14	sfoDF	55	9	35	vanNH	vanNH	98	G	TRUE	vanNH	o_line	G	G
2014-05-17_vanNH-at-sfoDF	2	15	vanNH	56	1	3	sfoDF	vanNH	31	D	FALSE	NA	o_line	D	def +
2014-05-17_vanNH-at-sfoDF	2	15	vanNH	57	2	11	vanNH	sfoDF	85	D	FALSE	NA	d_line	D	def +
2014-05-17_vanNH-at-sfoDF	2	15	vanNH	58	3	20	sfoDF	sfoDF	12	G	TRUE	sfoDF	o_line	G	G
2014-05-17_vanNH-at-sfoDF	2	16	sfoDF	59	1	5	vanNH	vanNH	72	G	TRUE	vanNH	o_line	G	G
2014-05-17_vanNH-at-sfoDF	2	17	vanNH	60	1	7	sfoDF	sfoDF		TA	FALSE	NA	o_line	TA	off -
2014-05-17_vanNH-at-sfoDF	2	17	vanNH	61	2	10	vanNH	vanNH	19	TD	FALSE	NA	d_line	TD	off -
2014-05-17_vanNH-at-sfoDF	2	17	vanNH	62	3	13	sfoDF	sfoDF	34	TA	FALSE	NA	o_line	TA	off -
2014-05-17_vanNH-at-sfoDF	2	17	vanNH	63	4	19	vanNH	vanNH	8	TD	FALSE	NA	d_line	TD	off -
2014-05-17_vanNH-at-sfoDF	2	17	vanNH	64	5	20	sfoDF	sfoDF	34	TA	FALSE	NA	o_line	TA	off -
2014-05-17_vanNH-at-sfoDF	2	17	vanNH	65	6	26	vanNH	vanNH	5	G	TRUE	vanNH	d_line	G	G
2014-05-17_vanNH-at-sfoDF	2	18	vanNH	66	1	5	sfoDF	sfoDF	13	eop	FALSE	NA	o_line	eop	eop
2014-05-17_vanNH-at-sfoDF	3	19	sfoDF	67	1	4	vanNH	sfoDF	12	D	FALSE	NA	o_line	D	def +
2014-05-17_vanNH-at-sfoDF	3	19	sfoDF	68	2	10	sfoDF	sfoDF	18	G	TRUE	sfoDF	d_line	G	G
2014-05-17_vanNH-at-sfoDF	3	20	sfoDF	69	1	6	vanNH	vanNH	75	TD	FALSE	NA	o_line	TD	off -
2014-05-17_vanNH-at-sfoDF	3	20	sfoDF	70	2	8	sfoDF	vanNH	22	D	FALSE	NA	d_line	D	def +
2014-05-17_vanNH-at-sfoDF	3	20	sfoDF	71	3	13	vanNH	vanNH	21	G	TRUE	vanNH	o_line	G	G
2014-05-17_vanNH-at-sfoDF	3	21	vanNH	72	1	5	sfoDF	sfoDF	46	G	TRUE	sfoDF	o_line	G	G
2014-05-17_vanNH-at-sfoDF	3	22	sfoDF	73	1	3	vanNH	vanNH	98	TD	FALSE	NA	o_line	TD	off -
2014-05-17_vanNH-at-sfoDF	3	22	sfoDF	74	2	10	sfoDF	vanNH	22	FB	FALSE	NA	d_line	D	def +
2014-05-17_vanNH-at-sfoDF	3	22	sfoDF	75	3	14	vanNH	vanNH	5	TA	FALSE	NA	o_line	TA	off -
2014-05-17_vanNH-at-sfoDF	3	22	sfoDF	76	4	16	sfoDF	vanNH	19	HB	FALSE	NA	d_line	D	def +
2014-05-17_vanNH-at-sfoDF	3	22	sfoDF	77	5	17	vanNH	vanNH	89	TA	FALSE	NA	o_line	TA	off -
2014-05-17_vanNH-at-sfoDF	3	22	sfoDF	78	6	19	sfoDF	sfoDF	13	TD	FALSE	NA	d_line	TD	off -
2014-05-17_vanNH-at-sfoDF	3	22	sfoDF	79	7	21	vanNH	vanNH	5	TD	FALSE	NA	o_line	TD	off -
2014-05-17_vanNH-at-sfoDF	3	22	sfoDF	80	8	24	sfoDF	sfoDF	88	TA	FALSE	NA	d_line	TA	off -
2014-05-17_vanNH-at-sfoDF	3	22	sfoDF	81	9	26	vanNH	vanNH	89	TA	FALSE	NA	o_line	TA	off -
2014-05-17_vanNH-at-sfoDF	3	22	sfoDF	82	10	34	sfoDF	vanNH	98	D	FALSE	NA	d_line	D	def +
2014-05-17_vanNH-at-sfoDF	3	22	sfoDF	83	11	39	vanNH	vanNH	10	G	TRUE	vanNH	o_line	G	G
2014-05-17_vanNH-at-sfoDF	3	23	vanNH	84	1	2	sfoDF	sfoDF	12	TA	FALSE	NA	o_line	TA	off -
2014-05-17_vanNH-at-sfoDF	3	23	vanNH	85	2	8	vanNH	sfoDF	12	D	FALSE	NA	d_line	D	def +
2014-05-17_vanNH-at-sfoDF	3	23	vanNH	86	3	11	sfoDF	vanNH	33	D	FALSE	NA	o_line	D	def +
2014-05-17_vanNH-at-sfoDF	3	23	vanNH	87	4	12	vanNH	sfoDF	18	D	FALSE	NA	d_line	D	def +
2014-05-17_vanNH-at-sfoDF	3	23	vanNH	88	5	13	sfoDF	sfoDF	16	TA	FALSE	NA	o_line	TA	off -
2014-05-17_vanNH-at-sfoDF	3	23	vanNH	89	6	15	vanNH	sfoDF	21	D	FALSE	NA	d_line	D	def +
2014-05-17_vanNH-at-sfoDF	3	23	vanNH	90	7	16	sfoDF	sfoDF	85	TA	FALSE	NA	o_line	TA	off -
2014-05-17_vanNH-at-sfoDF	3	23	vanNH	91	8	18	vanNH	vanNH	33	TA	FALSE	NA	d_line	TA	off -
2014-05-17_vanNH-at-sfoDF	3	23	vanNH	92	9	20	sfoDF	vanNH	?	off F	FALSE	NA	o_line	off F	off -
2014-05-17_vanNH-at-sfoDF	3	23	vanNH	93	10	24	vanNH	vanNH	31	TA	FALSE	NA	d_line	TA	off -
2014-05-17_vanNH-at-sfoDF	3	23	vanNH	94	11	26	sfoDF	sfoDF	17	TA	FALSE	NA	o_line	TA	off -
2014-05-17_vanNH-at-sfoDF	3	23	vanNH	95	12	29	vanNH	vanNH	8	G	TRUE	vanNH	d_line	G	G
2014-05-17_vanNH-at-sfoDF	3	24	vanNH	96	1	3	sfoDF	sfoDF	34	TA	FALSE	NA	o_line	TA	off -
2014-05-17_vanNH-at-sfoDF	3	24	vanNH	97	2	5	vanNH	vanNH	33	G	TRUE	vanNH	d_line	G	G
2014-05-17_vanNH-at-sfoDF	3	25	vanNH	98	1	3	sfoDF	vanNH	8	D	FALSE	NA	o_line	D	def +
2014-05-17_vanNH-at-sfoDF	3	25	vanNH	99	2	5	vanNH	sfoDF	2	eop	FALSE	NA	d_line	eop	eop
2014-05-17_vanNH-at-sfoDF	4	26	vanNH	100	1	3	sfoDF	sfoDF	11	TA	FALSE	NA	o_line	TA	off -
2014-05-17_vanNH-at-sfoDF	4	26	vanNH	101	2	5	vanNH	vanNH	8	TA	FALSE	NA	d_line	TA	off -
2014-05-17_vanNH-at-sfoDF	4	26	vanNH	102	3	9	sfoDF	sfoDF	25	TA	FALSE	NA	o_line	TA	off -
2014-05-17_vanNH-at-sfoDF	4	26	vanNH	103	4	15	vanNH	vanNH	45	TD	FALSE	NA	d_line	TD	off -
2014-05-17_vanNH-at-sfoDF	4	26	vanNH	104	5	22	sfoDF	vanNH	75	D	FALSE	NA	o_line	D	def +
2014-05-17_vanNH-at-sfoDF	4	26	vanNH	105	6	24	vanNH	vanNH	24	TA	FALSE	NA	d_line	TA	off -
2014-05-17_vanNH-at-sfoDF	4	26	vanNH	106	7	26	sfoDF	sfoDF	40	TA	FALSE	NA	o_line	TA	off -
2014-05-17_vanNH-at-sfoDF	4	26	vanNH	107	8	31	vanNH	sfoDF	8	D	FALSE	NA	d_line	D	def +
2014-05-17_vanNH-at-sfoDF	4	26	vanNH	108	9	34	sfoDF	sfoDF	13	TA	FALSE	NA	o_line	TA	off -
2014-05-17_vanNH-at-sfoDF	4	26	vanNH	109	10	37	vanNH	sfoDF	8	D	FALSE	NA	d_line	D	def +
2014-05-17_vanNH-at-sfoDF	4	26	vanNH	110	11	42	sfoDF	sfoDF	13	TA	FALSE	NA	o_line	TA	off -
2014-05-17_vanNH-at-sfoDF	4	26	vanNH	111	12	43	vanNH	vanNH	45	TA	FALSE	NA	d_line	TA	off -
2014-05-17_vanNH-at-sfoDF	4	26	vanNH	112	13	56	sfoDF	vanNH	75	D	FALSE	NA	o_line	D	def +
2014-05-17_vanNH-at-sfoDF	4	26	vanNH	113	14	60	vanNH	vanNH	75	TD	FALSE	NA	d_line	TD	off -
2014-05-17_vanNH-at-sfoDF	4	26	vanNH	114	15	62	sfoDF	sfoDF	13	TD	FALSE	NA	o_line	TD	off -
2014-05-17_vanNH-at-sfoDF	4	26	vanNH	115	16	65	vanNH	vanNH	13	VST	FALSE	NA	d_line	VST	off -
2014-05-17_vanNH-at-sfoDF	4	26	vanNH	116	17	73	sfoDF	sfoDF	18	G	TRUE	sfoDF	o_line	G	G
2014-05-17_vanNH-at-sfoDF	4	27	sfoDF	117	1	5	vanNH	vanNH	21	TD	FALSE	NA	o_line	TD	off -
2014-05-17_vanNH-at-sfoDF	4	27	sfoDF	118	2	7	sfoDF	sfoDF	12	TD	FALSE	NA	d_line	TD	off -
2014-05-17_vanNH-at-sfoDF	4	27	sfoDF	119	3	8	vanNH	vanNH	5	TA	FALSE	NA	o_line	TA	off -
2014-05-17_vanNH-at-sfoDF	4	27	sfoDF	120	4	16	sfoDF	sfoDF	18	G	TRUE	sfoDF	d_line	G	G
2014-05-17_vanNH-at-sfoDF	4	28	sfoDF	121	1	4	vanNH	sfoDF	34	HB	FALSE	NA	o_line	D	def +
2014-05-17_vanNH-at-sfoDF	4	28	sfoDF	122	2	5	sfoDF	sfoDF	34	TA	FALSE	NA	d_line	TA	off -
2014-05-17_vanNH-at-sfoDF	4	28	sfoDF	123	3	8	vanNH	vanNH	5	TA	FALSE	NA	o_line	TA	off -
2014-05-17_vanNH-at-sfoDF	4	28	sfoDF	124	4	11	sfoDF	vanNH	5	D	FALSE	NA	d_line	D	def +
2014-05-17_vanNH-at-sfoDF	4	28	sfoDF	125	5	13	vanNH	sfoDF	34	eop	FALSE	NA	o_line	eop	eop
2014-05-17_vanNH-at-sfoDF	5	29	sfoDF	126	1	5	vanNH	sfoDF	85	D	FALSE	NA	o_line	D	def +
2014-05-17_vanNH-at-sfoDF	5	29	sfoDF	127	2	7	sfoDF	vanNH	21	D	FALSE	NA	d_line	D	def +
2014-05-17_vanNH-at-sfoDF	5	29	sfoDF	128	3	13	vanNH	sfoDF	5	D	FALSE	NA	o_line	D	def +
2014-05-17_vanNH-at-sfoDF	5	29	sfoDF	129	4	14	sfoDF	sfoDF	18	TD	FALSE	NA	d_line	TD	off -
2014-05-17_vanNH-at-sfoDF	5	29	sfoDF	130	5	15	vanNH	vanNH	5	TA	FALSE	NA	o_line	TA	off -
2014-05-17_vanNH-at-sfoDF	5	29	sfoDF	131	6	20	sfoDF	sfoDF	1	TA	FALSE	NA	d_line	TA	off -
2014-05-17_vanNH-at-sfoDF	5	29	sfoDF	132	7	21	vanNH	vanNH		TA	FALSE	NA	o_line	TA	off -
2014-05-17_vanNH-at-sfoDF	5	29	sfoDF	133	8	26	sfoDF	sfoDF	34	G	TRUE	sfoDF	d_line	G	G
2014-05-17_vanNH-at-sfoDF	5	30	sfoDF	134	1	10	vanNH	vanNH	5	TA	FALSE	NA	o_line	TA	off -
2014-05-17_vanNH-at-sfoDF	5	30	sfoDF	135	2	14	sfoDF	vanNH	72	D	FALSE	NA	d_line	D	def +
2014-05-17_vanNH-at-sfoDF	5	30	sfoDF	136	3	22	vanNH	vanNH	21	VST	FALSE	NA	o_line	VST	off -
2014-05-17_vanNH-at-sfoDF	5	30	sfoDF	137	4	33	sfoDF	sfoDF	9	TA	FALSE	NA	d_line	TA	off -
2014-05-17_vanNH-at-sfoDF	5	30	sfoDF	138	5	41	vanNH	vanNH	21	eop	FALSE	NA	o_line	eop	eop
2014-05-24_pdxST-at-vanNH	1	1	vanNH	1	1	10	pdxST	pdxST	6	LG	TRUE	pdxST	o_line	G	G
2014-05-24_pdxST-at-vanNH	1	2	pdxST	2	1	5	vanNH	vanNH	98	TA	FALSE	NA	o_line	TA	off -
2014-05-24_pdxST-at-vanNH	1	2	pdxST	3	2	9	pdxST	pdxST	88	TA	FALSE	NA	d_line	TA	off -
2014-05-24_pdxST-at-vanNH	1	2	pdxST	4	3	15	vanNH	vanNH	98	LG	TRUE	vanNH	o_line	G	G
2014-05-24_pdxST-at-vanNH	1	3	vanNH	5	1	23	pdxST	pdxST	6	TA	FALSE	NA	o_line	TA	off -
2014-05-24_pdxST-at-vanNH	1	3	vanNH	6	2	28	vanNH	pdxST	7	D	FALSE	NA	d_line	D	def +
2014-05-24_pdxST-at-vanNH	1	3	vanNH	7	3	36	pdxST	pdxST		TA	FALSE	NA	o_line	TA	off -
2014-05-24_pdxST-at-vanNH	1	3	vanNH	8	4	48	vanNH	vanNH	98	G	TRUE	vanNH	d_line	G	G
2014-05-24_pdxST-at-vanNH	1	4	vanNH	9	1	7	pdxST	vanNH	37	D	FALSE	NA	o_line	D	def +
2014-05-24_pdxST-at-vanNH	1	4	vanNH	10	2	13	vanNH	vanNH	75	G	TRUE	vanNH	d_line	G	G
2014-05-24_pdxST-at-vanNH	1	5	vanNH	11	1	6	pdxST	pdxST	7	LG	TRUE	pdxST	o_line	G	G
2014-05-24_pdxST-at-vanNH	1	6	pdxST	12	1	10	vanNH	vanNH	98	G	TRUE	vanNH	o_line	G	G
2014-05-24_pdxST-at-vanNH	1	7	vanNH	13	1	7	pdxST	pdxST	16	G	TRUE	pdxST	o_line	G	G
2014-05-24_pdxST-at-vanNH	1	8	pdxST	14	1	7	vanNH	vanNH	98	TD	FALSE	NA	o_line	TD	off -
2014-05-24_pdxST-at-vanNH	1	8	pdxST	15	2	26	pdxST	pdxST	6	G	TRUE	pdxST	d_line	G	G
2014-05-24_pdxST-at-vanNH	1	9	pdxST	16	1	4	vanNH	pdxST	8	D	FALSE	NA	o_line	D	def +
2014-05-24_pdxST-at-vanNH	1	9	pdxST	17	2	10	pdxST	pdxST	17	G	TRUE	pdxST	d_line	G	G
2014-05-24_pdxST-at-vanNH	1	10	pdxST	18	1	4	vanNH	pdxST	17	D	FALSE	NA	o_line	D	def +
2014-05-24_pdxST-at-vanNH	1	10	pdxST	19	2	12	pdxST	vanNH	72	D	FALSE	NA	d_line	D	def +
2014-05-24_pdxST-at-vanNH	1	10	pdxST	20	3	13	vanNH	vanNH	91	eop	FALSE	NA	o_line	eop	eop
2014-05-24_pdxST-at-vanNH	2	11	pdxST	21	1	12	vanNH	vanNH	98	G	TRUE	vanNH	o_line	G	G
2014-05-24_pdxST-at-vanNH	2	12	vanNH	22	1	7	pdxST	vanNH	39	D	FALSE	NA	o_line	D	def +
2014-05-24_pdxST-at-vanNH	2	12	vanNH	23	2	13	vanNH	pdxST	42	D	FALSE	NA	d_line	D	def +
2014-05-24_pdxST-at-vanNH	2	12	vanNH	24	3	25	pdxST	pdxST	9	TD	FALSE	NA	o_line	TD	off -
2014-05-24_pdxST-at-vanNH	2	12	vanNH	25	4	28	vanNH	vanNH	39	TA	FALSE	NA	d_line	TA	off -
2014-05-24_pdxST-at-vanNH	2	12	vanNH	26	5	30	pdxST	pdxST	9	G	TRUE	pdxST	o_line	G	G
2014-05-24_pdxST-at-vanNH	2	13	pdxST	27	1	5	vanNH	vanNH	?	off F	FALSE	NA	o_line	off F	off -
2014-05-24_pdxST-at-vanNH	2	13	pdxST	28	2	14	pdxST	pdxST	20	G	TRUE	pdxST	d_line	G	G
2014-05-24_pdxST-at-vanNH	2	14	pdxST	29	1	7	vanNH	pdxST	88	D	FALSE	NA	o_line	D	def +
2014-05-24_pdxST-at-vanNH	2	14	pdxST	30	2	12	pdxST	pdxST	88	VST	FALSE	NA	d_line	VST	off -
2014-05-24_pdxST-at-vanNH	2	14	pdxST	31	3	13	vanNH	vanNH	5	TA	FALSE	NA	o_line	TA	off -
2014-05-24_pdxST-at-vanNH	2	14	pdxST	32	4	14	pdxST	pdxST	88	TA	FALSE	NA	d_line	TA	off -
2014-05-24_pdxST-at-vanNH	2	14	pdxST	33	5	22	vanNH	pdxST	22	D	FALSE	NA	o_line	D	def +
2014-05-24_pdxST-at-vanNH	2	14	pdxST	34	6	33	pdxST	pdxST	6	TA	FALSE	NA	d_line	TA	off -
2014-05-24_pdxST-at-vanNH	2	14	pdxST	35	7	38	vanNH	pdxST	8	D	FALSE	NA	o_line	D	def +
2014-05-24_pdxST-at-vanNH	2	14	pdxST	36	8	44	pdxST	pdxST	7	LG	TRUE	pdxST	d_line	G	G
2014-05-24_pdxST-at-vanNH	2	15	pdxST	37	1	7	vanNH	vanNH	10	off F	FALSE	NA	o_line	off F	off -
2014-05-24_pdxST-at-vanNH	2	15	pdxST	38	2	17	pdxST	pdxST	5	G	TRUE	pdxST	d_line	G	G
2014-05-24_pdxST-at-vanNH	2	16	pdxST	39	1	18	vanNH	vanNH	13	TD	FALSE	NA	o_line	TD	off -
2014-05-24_pdxST-at-vanNH	2	16	pdxST	40	2	22	pdxST	vanNH	8	eop	FALSE	NA	d_line	eop	eop
2014-05-24_pdxST-at-vanNH	3	17	vanNH	41	1	3	pdxST	pdxST	2	LG	TRUE	pdxST	o_line	G	G
2014-05-24_pdxST-at-vanNH	3	18	pdxST	42	1	11	vanNH	vanNH	22	G	TRUE	vanNH	o_line	G	G
2014-05-24_pdxST-at-vanNH	3	19	vanNH	43	1	14	pdxST	pdxST	6	G	TRUE	pdxST	o_line	G	G
2014-05-24_pdxST-at-vanNH	3	20	pdxST	44	1	10	vanNH	pdxST	25	D	FALSE	NA	o_line	D	def +
2014-05-24_pdxST-at-vanNH	3	20	pdxST	45	2	19	pdxST	pdxST	17	G	TRUE	pdxST	d_line	G	G
2014-05-24_pdxST-at-vanNH	3	21	pdxST	46	1	17	vanNH	vanNH	19	G	TRUE	vanNH	o_line	G	G
2014-05-24_pdxST-at-vanNH	3	22	vanNH	47	1	10	pdxST	pdxST	11	TA	FALSE	NA	o_line	TA	off -
2014-05-24_pdxST-at-vanNH	3	22	vanNH	48	2	13	vanNH	vanNH	39	G	TRUE	vanNH	d_line	G	G
2014-05-24_pdxST-at-vanNH	3	23	vanNH	49	1	20	pdxST	pdxST	16	G	TRUE	pdxST	o_line	G	G
2014-05-24_pdxST-at-vanNH	3	24	pdxST	50	1	10	vanNH	vanNH	91	G	TRUE	vanNH	o_line	G	G
2014-05-24_pdxST-at-vanNH	3	25	vanNH	51	1	5	pdxST	pdxST	11	TA	FALSE	NA	o_line	TA	off -
2014-05-24_pdxST-at-vanNH	3	25	vanNH	52	2	7	vanNH	vanNH	45	G	TRUE	vanNH	d_line	G	G
2014-05-24_pdxST-at-vanNH	3	26	vanNH	53	1	16	pdxST	pdxST	42	G	TRUE	pdxST	o_line	G	G
2014-05-24_pdxST-at-vanNH	3	27	pdxST	54	1	13	vanNH	vanNH	10	G	TRUE	vanNH	o_line	G	G
2014-05-24_pdxST-at-vanNH	3	28	vanNH	55	1	15	pdxST	pdxST	42	G	TRUE	pdxST	o_line	G	G
2014-05-24_pdxST-at-vanNH	3	29	pdxST	56	1	3	vanNH	vanNH	19	VST	FALSE	NA	o_line	VST	off -
2014-05-24_pdxST-at-vanNH	3	29	pdxST	57	2	6	pdxST	vanNH	89	D	FALSE	NA	d_line	D	def +
2014-05-24_pdxST-at-vanNH	3	29	pdxST	58	3	9	vanNH	vanNH	91	TA	FALSE	NA	o_line	TA	off -
2014-05-24_pdxST-at-vanNH	3	29	pdxST	59	4	10	pdxST	pdxST	17	eop	FALSE	NA	d_line	eop	eop
2014-05-24_pdxST-at-vanNH	4	30	pdxST	60	1	7	vanNH	pdxST	5	D	FALSE	NA	o_line	D	def +
2014-05-24_pdxST-at-vanNH	4	30	pdxST	61	2	10	pdxST	pdxST	5	VTT	FALSE	NA	d_line	VTT	off -
2014-05-24_pdxST-at-vanNH	4	30	pdxST	62	3	14	vanNH	vanNH	98	G	TRUE	vanNH	o_line	G	G
2014-05-24_pdxST-at-vanNH	4	31	vanNH	63	1	4	pdxST	pdxST	42	VTT	FALSE	NA	o_line	VTT	off -
2014-05-24_pdxST-at-vanNH	4	31	vanNH	64	2	9	vanNH	vanNH	39	G	TRUE	vanNH	d_line	G	G
2014-05-24_pdxST-at-vanNH	4	32	vanNH	65	1	6	pdxST	pdxST	2	TA	FALSE	NA	o_line	TA	off -
2014-05-24_pdxST-at-vanNH	4	32	vanNH	66	2	10	vanNH	vanNH	24	G	TRUE	vanNH	d_line	G	G
2014-05-24_pdxST-at-vanNH	4	33	vanNH	67	1	9	pdxST	vanNH	13	D	FALSE	NA	o_line	D	def +
2014-05-24_pdxST-at-vanNH	4	33	vanNH	68	2	11	vanNH	pdxST	8	D	FALSE	NA	d_line	D	def +
2014-05-24_pdxST-at-vanNH	4	33	vanNH	69	3	22	pdxST	pdxST		TA	FALSE	NA	o_line	TA	off -
2014-05-24_pdxST-at-vanNH	4	33	vanNH	70	4	24	vanNH	vanNH	22	G	TRUE	vanNH	d_line	G	G
2014-05-24_pdxST-at-vanNH	4	34	vanNH	71	1	32	pdxST	pdxST	9	G	TRUE	pdxST	o_line	G	G
2014-05-24_pdxST-at-vanNH	4	35	pdxST	72	1	9	vanNH	pdxST	5	D	FALSE	NA	o_line	D	def +
2014-05-24_pdxST-at-vanNH	4	35	pdxST	73	2	15	pdxST	pdxST	4	LG	TRUE	pdxST	d_line	G	G
2014-05-24_pdxST-at-vanNH	4	36	pdxST	74	1	16	vanNH	vanNH	98	G	TRUE	vanNH	o_line	G	G
2014-05-24_pdxST-at-vanNH	4	37	vanNH	75	1	12	pdxST	pdxST	2	G	TRUE	pdxST	o_line	G	G
2014-05-24_pdxST-at-vanNH	4	38	pdxST	76	1	5	vanNH	pdxST	5	D	FALSE	NA	o_line	D	def +
2014-05-24_pdxST-at-vanNH	4	38	pdxST	77	2	20	pdxST	pdxST	2	LG	TRUE	pdxST	d_line	G	G
2014-05-24_pdxST-at-vanNH	4	39	pdxST	78	1	5	vanNH	pdxST	5	eop	FALSE	NA	o_line	eop	eop
2014-05-31_vanNH-at-seaRM	1	1	seaRM	1	1	11	vanNH	vanNH	10	LG	TRUE	vanNH	o_line	G	G
2014-05-31_vanNH-at-seaRM	1	2	vanNH	2	1	4	seaRM	seaRM	8	LG	TRUE	seaRM	o_line	G	G
2014-05-31_vanNH-at-seaRM	1	3	seaRM	3	1	6	vanNH	seaRM	18	D	FALSE	NA	o_line	D	def +
2014-05-31_vanNH-at-seaRM	1	3	seaRM	4	2	13	seaRM	seaRM	12	G	TRUE	seaRM	d_line	G	G
2014-05-31_vanNH-at-seaRM	1	4	seaRM	5	1	6	vanNH	vanNH	72	LG	TRUE	vanNH	o_line	G	G
2014-05-31_vanNH-at-seaRM	1	5	vanNH	6	1	13	seaRM	seaRM	1	G	TRUE	seaRM	o_line	G	G
2014-05-31_vanNH-at-seaRM	1	6	seaRM	7	1	6	vanNH	vanNH	10	LG	TRUE	vanNH	o_line	G	G
2014-05-31_vanNH-at-seaRM	1	7	vanNH	8	1	14	seaRM	seaRM	48	TD	FALSE	NA	o_line	TD	off -
2014-05-31_vanNH-at-seaRM	1	7	vanNH	9	2	25	vanNH	vanNH	11	G	TRUE	vanNH	d_line	G	G
2014-05-31_vanNH-at-seaRM	1	8	vanNH	10	1	7	seaRM	seaRM	8	TA	FALSE	NA	o_line	TA	off -
2014-05-31_vanNH-at-seaRM	1	8	vanNH	11	2	10	vanNH	vanNH	24	TA	FALSE	NA	d_line	TA	off -
2014-05-31_vanNH-at-seaRM	1	8	vanNH	12	3	12	seaRM	seaRM	14	TA	FALSE	NA	o_line	TA	off -
2014-05-31_vanNH-at-seaRM	1	8	vanNH	13	4	14	vanNH	vanNH	37	G	TRUE	vanNH	d_line	G	G
2014-05-31_vanNH-at-seaRM	1	9	vanNH	14	1	12	seaRM	seaRM	20	G	TRUE	seaRM	o_line	G	G
2014-05-31_vanNH-at-seaRM	1	10	seaRM	15	1	13	vanNH	seaRM	18	D	FALSE	NA	o_line	D	def +
2014-05-31_vanNH-at-seaRM	1	10	seaRM	16	2	20	seaRM	seaRM	18	G	TRUE	seaRM	d_line	G	G
2014-05-31_vanNH-at-seaRM	1	11	seaRM	17	1	9	vanNH	vanNH	98	G	TRUE	vanNH	o_line	G	G
2014-05-31_vanNH-at-seaRM	1	12	vanNH	18	1	8	seaRM	seaRM	9	LG	TRUE	seaRM	o_line	G	G
2014-05-31_vanNH-at-seaRM	1	13	seaRM	19	1	4	vanNH	vanNH	21	TD	FALSE	NA	o_line	TD	off -
2014-05-31_vanNH-at-seaRM	1	13	seaRM	20	2	5	seaRM	seaRM	29	TA	FALSE	NA	d_line	TA	off -
2014-05-31_vanNH-at-seaRM	1	13	seaRM	21	3	16	vanNH	vanNH	19	G	TRUE	vanNH	o_line	G	G
2014-05-31_vanNH-at-seaRM	1	14	vanNH	22	1	5	seaRM	vanNH	8	eop	FALSE	NA	o_line	eop	eop
2014-05-31_vanNH-at-seaRM	2	15	vanNH	23	1	11	seaRM	seaRM	0	G	TRUE	seaRM	o_line	G	G
2014-05-31_vanNH-at-seaRM	2	16	seaRM	24	1	4	vanNH	vanNH	10	TA	FALSE	NA	o_line	TA	off -
2014-05-31_vanNH-at-seaRM	2	16	seaRM	25	2	12	seaRM	seaRM	23	G	TRUE	seaRM	d_line	G	G
2014-05-31_vanNH-at-seaRM	2	17	seaRM	26	1	6	vanNH	vanNH	89	TA	FALSE	NA	o_line	TA	off -
2014-05-31_vanNH-at-seaRM	2	17	seaRM	27	2	15	seaRM	seaRM	29	G	TRUE	seaRM	d_line	G	G
2014-05-31_vanNH-at-seaRM	2	18	seaRM	28	1	9	vanNH	vanNH	19	G	TRUE	vanNH	o_line	G	G
2014-05-31_vanNH-at-seaRM	2	19	vanNH	29	1	11	seaRM	seaRM	6	TA	FALSE	NA	o_line	TA	off -
2014-05-31_vanNH-at-seaRM	2	19	vanNH	30	2	12	vanNH	vanNH	75	TA	FALSE	NA	d_line	TA	off -
2014-05-31_vanNH-at-seaRM	2	19	vanNH	31	3	20	seaRM	seaRM	6	G	TRUE	seaRM	o_line	G	G
2014-05-31_vanNH-at-seaRM	2	20	seaRM	32	1	14	vanNH	vanNH	10	G	TRUE	vanNH	o_line	G	G
2014-05-31_vanNH-at-seaRM	2	21	vanNH	33	1	6	seaRM	seaRM	17	G	TRUE	seaRM	o_line	G	G
2014-05-31_vanNH-at-seaRM	2	22	seaRM	34	1	11	vanNH	vanNH	91	TA	FALSE	NA	o_line	TA	off -
2014-05-31_vanNH-at-seaRM	2	22	seaRM	35	2	17	seaRM	seaRM	17	TA	FALSE	NA	d_line	TA	off -
2014-05-31_vanNH-at-seaRM	2	22	seaRM	36	3	24	vanNH	vanNH	27	G	TRUE	vanNH	o_line	G	G
2014-05-31_vanNH-at-seaRM	2	23	vanNH	37	1	7	seaRM	vanNH	4	D	FALSE	NA	o_line	D	def +
2014-05-31_vanNH-at-seaRM	2	23	vanNH	38	2	8	vanNH	vanNH	8	TA	FALSE	NA	d_line	TA	off -
2014-05-31_vanNH-at-seaRM	2	23	vanNH	39	3	9	seaRM	seaRM	NA	TA	FALSE	NA	o_line	TA	off -
2014-05-31_vanNH-at-seaRM	2	23	vanNH	40	4	19	vanNH	vanNH	21	G	TRUE	vanNH	d_line	G	G
2014-05-31_vanNH-at-seaRM	2	24	vanNH	41	1	9	seaRM	seaRM	14	G	TRUE	seaRM	o_line	G	G
2014-05-31_vanNH-at-seaRM	2	25	seaRM	42	1	5	vanNH	vanNH	10	LG	TRUE	vanNH	o_line	G	G
2014-05-31_vanNH-at-seaRM	2	26	vanNH	43	1	5	seaRM	vanNH	8	eop	FALSE	NA	o_line	eop	eop
2014-05-31_vanNH-at-seaRM	3	27	seaRM	44	1	13	vanNH	seaRM	15	D	FALSE	NA	o_line	D	def +
2014-05-31_vanNH-at-seaRM	3	27	seaRM	45	2	22	seaRM	seaRM	21	G	TRUE	seaRM	d_line	G	G
2014-05-31_vanNH-at-seaRM	3	28	seaRM	46	1	9	vanNH	vanNH	72	LG	TRUE	vanNH	o_line	G	G
2014-05-31_vanNH-at-seaRM	3	29	vanNH	47	1	9	seaRM	seaRM	48	LG	TRUE	seaRM	o_line	G	G
2014-05-31_vanNH-at-seaRM	3	30	seaRM	48	1	6	vanNH	seaRM	18	D	FALSE	NA	o_line	D	def +
2014-05-31_vanNH-at-seaRM	3	30	seaRM	49	2	11	seaRM	seaRM	18	G	TRUE	seaRM	d_line	G	G
2014-05-31_vanNH-at-seaRM	3	31	seaRM	50	1	8	vanNH	vanNH	98	G	TRUE	vanNH	o_line	G	G
2014-05-31_vanNH-at-seaRM	3	32	vanNH	51	1	9	seaRM	seaRM	9	G	TRUE	seaRM	o_line	G	G
2014-05-31_vanNH-at-seaRM	3	33	seaRM	52	1	9	vanNH	vanNH	72	G	TRUE	vanNH	o_line	G	G
2014-05-31_vanNH-at-seaRM	3	34	vanNH	53	1	7	seaRM	vanNH	13	D	FALSE	NA	o_line	D	def +
2014-05-31_vanNH-at-seaRM	3	34	vanNH	54	2	10	vanNH	vanNH	10	TA	FALSE	NA	d_line	TA	off -
2014-05-31_vanNH-at-seaRM	3	34	vanNH	55	3	18	seaRM	seaRM	15	TA	FALSE	NA	o_line	TA	off -
2014-05-31_vanNH-at-seaRM	3	34	vanNH	56	4	22	vanNH	vanNH	10	G	TRUE	vanNH	d_line	G	G
2014-05-31_vanNH-at-seaRM	3	35	vanNH	57	1	10	seaRM	vanNH	45	off F	FALSE	NA	o_line	off F	off -
2014-05-31_vanNH-at-seaRM	3	35	vanNH	58	2	15	vanNH	seaRM	4	D	FALSE	NA	d_line	D	def +
2014-05-31_vanNH-at-seaRM	3	35	vanNH	59	3	22	seaRM	seaRM	1	G	TRUE	seaRM	o_line	G	G
2014-05-31_vanNH-at-seaRM	3	36	seaRM	60	1	4	vanNH	seaRM	23	D	FALSE	NA	o_line	D	def +
2014-05-31_vanNH-at-seaRM	3	36	seaRM	61	2	9	seaRM	seaRM	12	G	TRUE	seaRM	d_line	G	G
2014-05-31_vanNH-at-seaRM	3	37	seaRM	62	1	10	vanNH	vanNH	98	TA	FALSE	NA	o_line	TA	off -
2014-05-31_vanNH-at-seaRM	3	37	seaRM	63	2	12	seaRM	vanNH	98	D	FALSE	NA	d_line	D	def +
2014-05-31_vanNH-at-seaRM	3	37	seaRM	64	3	21	vanNH	vanNH	21	G	TRUE	vanNH	o_line	G	G
2014-05-31_vanNH-at-seaRM	3	38	vanNH	65	1	9	seaRM	vanNH	8	D	FALSE	NA	o_line	D	def +
2014-05-31_vanNH-at-seaRM	3	38	vanNH	66	2	11	vanNH	seaRM	8	eop	FALSE	NA	d_line	eop	eop
2014-05-31_vanNH-at-seaRM	4	39	vanNH	67	1	10	seaRM	seaRM	9	LG	TRUE	seaRM	o_line	G	G
2014-05-31_vanNH-at-seaRM	4	40	seaRM	68	1	11	vanNH	seaRM	18	D	FALSE	NA	o_line	D	def +
2014-05-31_vanNH-at-seaRM	4	40	seaRM	69	2	18	seaRM	seaRM	29	TA	FALSE	NA	d_line	TA	off -
2014-05-31_vanNH-at-seaRM	4	40	seaRM	70	3	26	vanNH	vanNH	10	G	TRUE	vanNH	o_line	G	G
2014-05-31_vanNH-at-seaRM	4	41	vanNH	71	1	7	seaRM	vanNH	8	D	FALSE	NA	o_line	D	def +
2014-05-31_vanNH-at-seaRM	4	41	vanNH	72	2	10	vanNH	vanNH	31	TA	FALSE	NA	d_line	TA	off -
2014-05-31_vanNH-at-seaRM	4	41	vanNH	73	3	18	seaRM	seaRM	NA	TA	FALSE	NA	o_line	TA	off -
2014-05-31_vanNH-at-seaRM	4	41	vanNH	74	4	29	vanNH	vanNH	19	G	TRUE	vanNH	d_line	G	G
2014-05-31_vanNH-at-seaRM	4	42	vanNH	75	1	12	seaRM	vanNH	11	D	FALSE	NA	o_line	D	def +
2014-05-31_vanNH-at-seaRM	4	42	vanNH	76	2	16	vanNH	seaRM	8	D	FALSE	NA	d_line	D	def +
2014-05-31_vanNH-at-seaRM	4	42	vanNH	77	3	18	seaRM	seaRM	6	G	TRUE	seaRM	o_line	G	G
2014-05-31_vanNH-at-seaRM	4	43	seaRM	78	1	9	vanNH	vanNH	98	TA	FALSE	NA	o_line	TA	off -
2014-05-31_vanNH-at-seaRM	4	43	seaRM	79	2	20	seaRM	seaRM	48	TA	FALSE	NA	d_line	TA	off -
2014-05-31_vanNH-at-seaRM	4	43	seaRM	80	3	24	vanNH	vanNH	24	G	TRUE	vanNH	o_line	G	G
2014-05-31_vanNH-at-seaRM	4	44	vanNH	81	1	11	seaRM	seaRM	20	LG	TRUE	seaRM	o_line	G	G
2014-05-31_vanNH-at-seaRM	4	45	seaRM	82	1	5	vanNH	vanNH	91	LG	TRUE	vanNH	o_line	G	G
2014-05-31_vanNH-at-seaRM	4	46	vanNH	83	1	9	seaRM	seaRM	48	G	TRUE	seaRM	o_line	G	G
2014-05-31_vanNH-at-seaRM	4	47	seaRM	84	1	14	vanNH	vanNH	89	G	TRUE	vanNH	o_line	G	G
2014-05-31_vanNH-at-seaRM	4	48	vanNH	85	1	9	seaRM	vanNH	8	D	FALSE	NA	o_line	D	def +
2014-05-31_vanNH-at-seaRM	4	48	vanNH	86	2	11	vanNH	seaRM	6	eop	FALSE	NA	d_line	eop	eop
2014-05-31_vanNH-at-seaRM	5	49	vanNH	87	1	7	seaRM	seaRM	6	G	TRUE	seaRM	o_line	G	G
2014-05-31_vanNH-at-seaRM	5	50	seaRM	88	1	10	vanNH	seaRM	21	D	FALSE	NA	o_line	D	def +
2014-05-31_vanNH-at-seaRM	5	50	seaRM	89	2	14	seaRM	vanNH	89	D	FALSE	NA	d_line	D	def +
2014-05-31_vanNH-at-seaRM	5	50	seaRM	90	3	25	vanNH	vanNH	98	G	TRUE	vanNH	o_line	G	G
2014-05-31_vanNH-at-seaRM	5	51	vanNH	91	1	7	seaRM	seaRM	17	G	TRUE	seaRM	o_line	G	G
2014-05-31_vanNH-at-seaRM	5	52	seaRM	92	1	15	vanNH	vanNH	10	TD	FALSE	NA	o_line	TD	off -
2014-05-31_vanNH-at-seaRM	5	52	seaRM	93	2	20	seaRM	seaRM	29	TA	FALSE	NA	d_line	TA	off -
2014-05-31_vanNH-at-seaRM	5	52	seaRM	94	3	21	vanNH	vanNH	NA	TA	FALSE	NA	o_line	TA	off -
2014-05-31_vanNH-at-seaRM	5	52	seaRM	95	4	25	seaRM	seaRM	1	TA	FALSE	NA	d_line	TA	off -
2014-05-31_vanNH-at-seaRM	5	52	seaRM	96	5	41	vanNH	vanNH	10	G	TRUE	vanNH	o_line	G	G
2014-05-31_vanNH-at-seaRM	5	53	vanNH	97	1	4	seaRM	seaRM	20	eop	FALSE	NA	o_line	eop	eop
2014-05-31_vanNH-at-seaRM	6	54	seaRM	98	1	14	vanNH	vanNH	91	G	TRUE	vanNH	o_line	G	G
2014-05-31_vanNH-at-seaRM	6	55	vanNH	99	1	9	seaRM	seaRM	NA	TA	FALSE	NA	o_line	TA	off -
2014-05-31_vanNH-at-seaRM	6	55	vanNH	100	2	14	vanNH	vanNH	10	G	TRUE	vanNH	d_line	G	G
2014-05-31_vanNH-at-seaRM	6	56	vanNH	101	1	7	seaRM	seaRM	0	TD	FALSE	NA	o_line	TD	off -
2014-05-31_vanNH-at-seaRM	6	56	vanNH	102	2	9	vanNH	seaRM	48	D	FALSE	NA	d_line	D	def +
2014-05-31_vanNH-at-seaRM	6	56	vanNH	103	3	14	seaRM	vanNH	4	D	FALSE	NA	o_line	D	def +
2014-05-31_vanNH-at-seaRM	6	56	vanNH	104	4	19	vanNH	seaRM	20	D	FALSE	NA	d_line	D	def +
2014-05-31_vanNH-at-seaRM	6	56	vanNH	105	5	21	seaRM	vanNH	7	D	FALSE	NA	o_line	D	def +
2014-05-31_vanNH-at-seaRM	6	56	vanNH	106	6	24	vanNH	vanNH	8	G	TRUE	vanNH	d_line	G	G
2014-05-31_vanNH-at-seaRM	6	57	vanNH	107	1	9	seaRM	seaRM	29	TA	FALSE	NA	o_line	TA	off -
2014-05-31_vanNH-at-seaRM	6	57	vanNH	108	2	12	vanNH	vanNH	8	TA	FALSE	NA	d_line	TA	off -
2014-05-31_vanNH-at-seaRM	6	57	vanNH	109	3	13	seaRM	seaRM	29	TA	FALSE	NA	o_line	TA	off -
2014-05-31_vanNH-at-seaRM	6	57	vanNH	110	4	19	vanNH	vanNH	45	G	TRUE	vanNH	d_line	G	G
2014-05-31_vanNH-at-seaRM	6	58	vanNH	111	1	3	seaRM	seaRM	1	TA	FALSE	NA	o_line	TA	off -
2014-05-31_vanNH-at-seaRM	6	58	vanNH	112	2	6	vanNH	vanNH	49	G	TRUE	vanNH	d_line	G	G
2014-06-07_seaRM-at-vanNH	1	1	seaRM	1	1	9	vanNH	vanNH	91	TD	FALSE	NA	o_line	TD	off -
2014-06-07_seaRM-at-vanNH	1	1	seaRM	2	2	23	seaRM	seaRM	18	G	TRUE	seaRM	d_line	G	G
2014-06-07_seaRM-at-vanNH	1	2	seaRM	3	1	11	vanNH	vanNH	98	LG	TRUE	vanNH	o_line	G	G
2014-06-07_seaRM-at-vanNH	1	3	vanNH	4	1	7	seaRM	vanNH	11	D	FALSE	NA	o_line	D	def +
2014-06-07_seaRM-at-vanNH	1	3	vanNH	5	2	11	vanNH	vanNH	45	G	TRUE	vanNH	d_line	G	G
2014-06-07_seaRM-at-vanNH	1	4	vanNH	6	1	4	seaRM	seaRM	14	TA	FALSE	NA	o_line	TA	off -
2014-06-07_seaRM-at-vanNH	1	4	vanNH	7	2	6	vanNH	vanNH	33	G	TRUE	vanNH	d_line	G	G
2014-06-07_seaRM-at-vanNH	1	5	vanNH	8	1	4	seaRM	seaRM	29	TA	FALSE	NA	o_line	TA	off -
2014-06-07_seaRM-at-vanNH	1	5	vanNH	9	2	10	vanNH	vanNH	33	G	TRUE	vanNH	d_line	G	G
2014-06-07_seaRM-at-vanNH	1	6	vanNH	10	1	12	seaRM	seaRM	1	G	TRUE	seaRM	o_line	G	G
2014-06-07_seaRM-at-vanNH	1	7	seaRM	11	1	7	vanNH	vanNH	10	LG	TRUE	vanNH	o_line	G	G
2014-06-07_seaRM-at-vanNH	1	8	vanNH	12	1	11	seaRM	seaRM	6	TA	FALSE	NA	o_line	TA	off -
2014-06-07_seaRM-at-vanNH	1	8	vanNH	13	2	16	vanNH	vanNH	27	TA	FALSE	NA	d_line	TA	off -
2014-06-07_seaRM-at-vanNH	1	8	vanNH	14	3	21	seaRM	seaRM	00	G	TRUE	seaRM	o_line	G	G
2014-06-07_seaRM-at-vanNH	1	9	seaRM	15	1	9	vanNH	vanNH	22	LG	TRUE	vanNH	o_line	G	G
2014-06-07_seaRM-at-vanNH	1	10	vanNH	16	1	8	seaRM	seaRM	17	TA	FALSE	NA	o_line	TA	off -
2014-06-07_seaRM-at-vanNH	1	10	vanNH	17	2	11	vanNH	vanNH	27	VST	FALSE	NA	d_line	VST	off -
2014-06-07_seaRM-at-vanNH	1	10	vanNH	18	3	12	seaRM	seaRM	6	TA	FALSE	NA	o_line	TA	off -
2014-06-07_seaRM-at-vanNH	1	10	vanNH	19	4	37	vanNH	vanNH	10	G	TRUE	vanNH	d_line	G	G
2014-06-07_seaRM-at-vanNH	1	11	vanNH	20	1	5	seaRM	seaRM	1	eop	FALSE	NA	o_line	eop	eop
2014-06-07_seaRM-at-vanNH	2	12	vanNH	21	1	12	seaRM	seaRM	6	TD	FALSE	NA	o_line	TD	off -
2014-06-07_seaRM-at-vanNH	2	12	vanNH	22	2	16	vanNH	vanNH	27	TD	FALSE	NA	d_line	TD	off -
2014-06-07_seaRM-at-vanNH	2	12	vanNH	23	3	20	seaRM	seaRM	51	TA	FALSE	NA	o_line	TA	off -
2014-06-07_seaRM-at-vanNH	2	12	vanNH	24	4	23	vanNH	vanNH	37	G	TRUE	vanNH	d_line	G	G
2014-06-07_seaRM-at-vanNH	2	13	vanNH	25	1	7	seaRM	seaRM	6	VTT	FALSE	NA	o_line	VTT	off -
2014-06-07_seaRM-at-vanNH	2	13	vanNH	26	2	8	vanNH	vanNH	18	TA	FALSE	NA	d_line	TA	off -
2014-06-07_seaRM-at-vanNH	2	13	vanNH	27	3	15	seaRM	vanNH	13	D	FALSE	NA	o_line	D	def +
2014-06-07_seaRM-at-vanNH	2	13	vanNH	28	4	23	vanNH	vanNH	24	G	TRUE	vanNH	d_line	G	G
2014-06-07_seaRM-at-vanNH	2	14	vanNH	29	1	10	seaRM	seaRM	29	TA	FALSE	NA	o_line	TA	off -
2014-06-07_seaRM-at-vanNH	2	14	vanNH	30	2	17	vanNH	vanNH	45	G	TRUE	vanNH	d_line	G	G
2014-06-07_seaRM-at-vanNH	2	15	vanNH	31	1	15	seaRM	seaRM	14	G	TRUE	seaRM	o_line	G	G
2014-06-07_seaRM-at-vanNH	2	16	seaRM	32	1	18	vanNH	vanNH	98	G	TRUE	vanNH	o_line	G	G
2014-06-07_seaRM-at-vanNH	2	17	vanNH	33	1	11	seaRM	seaRM	1	G	TRUE	seaRM	o_line	G	G
2014-06-07_seaRM-at-vanNH	2	18	seaRM	34	1	10	vanNH	vanNH	21	G	TRUE	vanNH	o_line	G	G
2014-06-07_seaRM-at-vanNH	2	19	vanNH	35	1	10	seaRM	seaRM	17	G	TRUE	seaRM	o_line	G	G
2014-06-07_seaRM-at-vanNH	2	20	seaRM	36	1	3	vanNH	seaRM	29	D	FALSE	NA	o_line	D	def +
2014-06-07_seaRM-at-vanNH	2	20	seaRM	37	2	5	seaRM	seaRM	24	G	TRUE	seaRM	d_line	G	G
2014-06-07_seaRM-at-vanNH	2	21	seaRM	38	1	8	vanNH	vanNH	89	LG	TRUE	vanNH	o_line	G	G
2014-06-07_seaRM-at-vanNH	2	22	vanNH	39	1	10	seaRM	seaRM	51	LG	TRUE	seaRM	o_line	G	G
2014-06-07_seaRM-at-vanNH	3	23	seaRM	40	1	11	vanNH	vanNH	98	G	TRUE	vanNH	o_line	G	G
2014-06-07_seaRM-at-vanNH	3	24	vanNH	41	1	12	seaRM	seaRM	6	TA	FALSE	NA	o_line	TA	off -
2014-06-07_seaRM-at-vanNH	3	24	vanNH	42	2	16	vanNH	vanNH	11	TA	FALSE	NA	d_line	TA	off -
2014-06-07_seaRM-at-vanNH	3	24	vanNH	43	3	17	seaRM	seaRM	17	TA	FALSE	NA	o_line	TA	off -
2014-06-07_seaRM-at-vanNH	3	24	vanNH	44	4	23	vanNH	vanNH	27	G	TRUE	vanNH	d_line	G	G
2014-06-07_seaRM-at-vanNH	3	25	vanNH	45	1	15	seaRM	seaRM	?	off F	FALSE	NA	o_line	off F	off -
2014-06-07_seaRM-at-vanNH	3	25	vanNH	46	2	31	vanNH	vanNH	72	TA	FALSE	NA	d_line	TA	off -
2014-06-07_seaRM-at-vanNH	3	25	vanNH	47	3	35	seaRM	seaRM	23	TD	FALSE	NA	o_line	TD	off -
2014-06-07_seaRM-at-vanNH	3	25	vanNH	48	4	40	vanNH	vanNH	22	G	TRUE	vanNH	d_line	G	G
2014-06-07_seaRM-at-vanNH	3	26	vanNH	49	1	8	seaRM	seaRM	6	TA	FALSE	NA	o_line	TA	off -
2014-06-07_seaRM-at-vanNH	3	26	vanNH	50	2	13	vanNH	vanNH	37	LG	TRUE	vanNH	d_line	G	G
2014-06-07_seaRM-at-vanNH	3	27	vanNH	51	1	7	seaRM	seaRM	23	TA	FALSE	NA	o_line	TA	off -
2014-06-07_seaRM-at-vanNH	3	27	vanNH	52	2	14	vanNH	vanNH	4	G	TRUE	vanNH	d_line	G	G
2014-06-07_seaRM-at-vanNH	3	28	vanNH	53	1	4	seaRM	seaRM	17	TA	FALSE	NA	o_line	TA	off -
2014-06-07_seaRM-at-vanNH	3	28	vanNH	54	2	7	vanNH	vanNH	7	G	TRUE	vanNH	d_line	G	G
2014-06-07_seaRM-at-vanNH	3	29	vanNH	55	1	18	seaRM	seaRM	51	G	TRUE	seaRM	o_line	G	G
2014-06-07_seaRM-at-vanNH	4	30	vanNH	56	1	4	seaRM	seaRM	29	TD	FALSE	NA	o_line	TD	off -
2014-06-07_seaRM-at-vanNH	4	30	vanNH	57	2	9	vanNH	vanNH	4	G	TRUE	vanNH	d_line	G	G
2014-06-07_seaRM-at-vanNH	4	31	vanNH	58	1	14	seaRM	seaRM	1	G	TRUE	seaRM	o_line	G	G
2014-06-07_seaRM-at-vanNH	4	32	seaRM	59	1	7	vanNH	seaRM	15	D	FALSE	NA	o_line	D	def +
2014-06-07_seaRM-at-vanNH	4	32	seaRM	60	2	10	seaRM	vanNH	91	D	FALSE	NA	d_line	D	def +
2014-06-07_seaRM-at-vanNH	4	32	seaRM	61	3	16	vanNH	vanNH	98	G	TRUE	vanNH	o_line	G	G
2014-06-07_seaRM-at-vanNH	4	33	vanNH	62	1	10	seaRM	vanNH	13	D	FALSE	NA	o_line	D	def +
2014-06-07_seaRM-at-vanNH	4	33	vanNH	63	2	16	vanNH	vanNH	13	G	TRUE	vanNH	d_line	G	G
2014-06-07_seaRM-at-vanNH	4	34	vanNH	64	1	5	seaRM	seaRM	29	TA	FALSE	NA	o_line	TA	off -
2014-06-07_seaRM-at-vanNH	4	34	vanNH	65	2	18	vanNH	vanNH	4	G	TRUE	vanNH	d_line	G	G
2014-06-07_seaRM-at-vanNH	4	35	vanNH	66	1	9	seaRM	seaRM	10	TA	FALSE	NA	o_line	TA	off -
2014-06-07_seaRM-at-vanNH	4	35	vanNH	67	2	12	vanNH	vanNH	13	G	TRUE	vanNH	d_line	G	G
2014-06-07_seaRM-at-vanNH	4	36	vanNH	68	1	7	seaRM	vanNH	8	D	FALSE	NA	o_line	D	def +
2014-06-07_seaRM-at-vanNH	4	36	vanNH	69	2	14	vanNH	vanNH	27	TD	FALSE	NA	d_line	TD	off -
2014-06-07_seaRM-at-vanNH	4	36	vanNH	70	3	20	seaRM	seaRM	14	TA	FALSE	NA	o_line	TA	off -
2014-06-07_seaRM-at-vanNH	4	36	vanNH	71	4	24	vanNH	vanNH	11	G	TRUE	vanNH	d_line	G	G
2014-06-07_seaRM-at-vanNH	4	37	vanNH	72	1	8	seaRM	seaRM	31	TA	FALSE	NA	o_line	TA	off -
2014-06-07_seaRM-at-vanNH	4	37	vanNH	73	2	11	vanNH	seaRM	4	D	FALSE	NA	d_line	D	def +
2014-06-07_seaRM-at-vanNH	4	37	vanNH	74	3	23	seaRM	seaRM	31	LG	TRUE	seaRM	o_line	G	G
2014-06-07_seaRM-at-vanNH	4	38	seaRM	75	1	16	vanNH	vanNH	89	G	TRUE	vanNH	o_line	G	G
2014-06-07_seaRM-at-vanNH	4	39	vanNH	76	1	10	seaRM	seaRM	31	TA	FALSE	NA	o_line	TA	off -
2014-06-07_seaRM-at-vanNH	4	39	vanNH	77	2	15	vanNH	vanNH	27	G	TRUE	vanNH	d_line	G	G
2014-06-07_seaRM-at-vanNH	4	40	vanNH	78	1	10	seaRM	seaRM	1	G	TRUE	seaRM	o_line	G	G
2014-06-07_seaRM-at-vanNH	4	41	seaRM	79	1	3	vanNH	vanNH	89	eop	FALSE	NA	o_line	eop	eop
2014-06-15_pdxST-at-vanNH	1	1	pdxST	1	1	9	vanNH	vanNH	98	G	TRUE	vanNH	o_line	G	G
2014-06-15_pdxST-at-vanNH	1	2	vanNH	2	1	12	pdxST	vanNH	11	D	FALSE	NA	o_line	D	def +
2014-06-15_pdxST-at-vanNH	1	2	vanNH	3	2	14	vanNH	vanNH	81	G	TRUE	vanNH	d_line	G	G
2014-06-15_pdxST-at-vanNH	1	3	vanNH	4	1	31	pdxST	pdxST	24	G	TRUE	pdxST	o_line	G	G
2014-06-15_pdxST-at-vanNH	1	4	pdxST	5	1	11	vanNH	vanNH	98	G	TRUE	vanNH	o_line	G	G
2014-06-15_pdxST-at-vanNH	1	5	vanNH	6	1	10	pdxST	pdxST	24	LG	TRUE	pdxST	o_line	G	G
2014-06-15_pdxST-at-vanNH	1	6	pdxST	7	1	16	vanNH	pdxST	12	D	FALSE	NA	o_line	D	def +
2014-06-15_pdxST-at-vanNH	1	6	pdxST	8	2	18	pdxST	pdxST	14	TD	FALSE	NA	d_line	TD	off -
2014-06-15_pdxST-at-vanNH	1	6	pdxST	9	3	22	vanNH	pdxST	?	D	FALSE	NA	o_line	D	def +
2014-06-15_pdxST-at-vanNH	1	6	pdxST	10	4	24	pdxST	vanNH	98	D	FALSE	NA	d_line	D	def +
2014-06-15_pdxST-at-vanNH	1	6	pdxST	11	5	27	vanNH	vanNH	72	G	TRUE	vanNH	o_line	G	G
2014-06-15_pdxST-at-vanNH	1	7	vanNH	12	1	10	pdxST	vanNH	24	HB	FALSE	NA	o_line	D	def +
2014-06-15_pdxST-at-vanNH	1	7	vanNH	13	2	13	vanNH	vanNH	24	TA	FALSE	NA	d_line	TA	off -
2014-06-15_pdxST-at-vanNH	1	7	vanNH	14	3	15	pdxST	pdxST	24	VST	FALSE	NA	o_line	VST	off -
2014-06-15_pdxST-at-vanNH	1	7	vanNH	15	4	18	vanNH	vanNH	31	G	TRUE	vanNH	d_line	G	G
2014-06-15_pdxST-at-vanNH	1	8	vanNH	16	1	4	pdxST	pdxST	7	TA	FALSE	NA	o_line	TA	off -
2014-06-15_pdxST-at-vanNH	1	8	vanNH	17	2	8	vanNH	vanNH	24	G	TRUE	vanNH	d_line	G	G
2014-06-15_pdxST-at-vanNH	1	9	vanNH	18	1	9	pdxST	pdxST	7	LG	TRUE	pdxST	o_line	G	G
2014-06-15_pdxST-at-vanNH	1	10	pdxST	19	1	11	vanNH	vanNH	98	G	TRUE	vanNH	o_line	G	G
2014-06-15_pdxST-at-vanNH	1	11	vanNH	20	1	5	pdxST	pdxST	24	eop	FALSE	NA	o_line	eop	eop
2014-06-15_pdxST-at-vanNH	2	12	vanNH	21	1	35	pdxST	pdxST	6	G	TRUE	pdxST	o_line	G	G
2014-06-15_pdxST-at-vanNH	2	13	pdxST	22	1	9	vanNH	pdxST	8	D	FALSE	NA	o_line	D	def +
2014-06-15_pdxST-at-vanNH	2	13	pdxST	23	2	13	pdxST	vanNH	21	D	FALSE	NA	d_line	D	def +
2014-06-15_pdxST-at-vanNH	2	13	pdxST	24	3	15	vanNH	pdxST	4	D	FALSE	NA	o_line	D	def +
2014-06-15_pdxST-at-vanNH	2	13	pdxST	25	4	18	pdxST	pdxST	16	G	TRUE	pdxST	d_line	G	G
2014-06-15_pdxST-at-vanNH	2	14	pdxST	26	1	3	vanNH	pdxST	21	D	FALSE	NA	o_line	D	def +
2014-06-15_pdxST-at-vanNH	2	14	pdxST	27	2	4	pdxST	pdxST	21	TA	FALSE	NA	d_line	TA	off -
2014-06-15_pdxST-at-vanNH	2	14	pdxST	28	3	12	vanNH	vanNH	10	LG	TRUE	vanNH	o_line	G	G
2014-06-15_pdxST-at-vanNH	2	15	vanNH	29	1	17	pdxST	pdxST	9	G	TRUE	pdxST	o_line	G	G
2014-06-15_pdxST-at-vanNH	2	16	pdxST	30	1	6	vanNH	vanNH	98	TD	FALSE	NA	o_line	TD	off -
2014-06-15_pdxST-at-vanNH	2	16	pdxST	31	2	17	pdxST	pdxST	73	TA	FALSE	NA	d_line	TA	off -
2014-06-15_pdxST-at-vanNH	2	16	pdxST	32	3	20	vanNH	vanNH	8	TD	FALSE	NA	o_line	TD	off -
2014-06-15_pdxST-at-vanNH	2	16	pdxST	33	4	23	pdxST	pdxST	2	TA	FALSE	NA	d_line	TA	off -
2014-06-15_pdxST-at-vanNH	2	16	pdxST	34	5	35	vanNH	pdxST	3	D	FALSE	NA	o_line	D	def +
2014-06-15_pdxST-at-vanNH	2	16	pdxST	35	6	40	pdxST	pdxST	3	LG	TRUE	pdxST	d_line	G	G
2014-06-15_pdxST-at-vanNH	2	17	pdxST	36	1	19	vanNH	vanNH	5	G	TRUE	vanNH	o_line	G	G
2014-06-15_pdxST-at-vanNH	2	18	vanNH	37	1	9	pdxST	pdxST	2	LG	TRUE	pdxST	o_line	G	G
2014-06-15_pdxST-at-vanNH	2	19	pdxST	38	1	10	vanNH	vanNH	22	G	TRUE	vanNH	o_line	G	G
2014-06-15_pdxST-at-vanNH	2	20	vanNH	39	1	3	pdxST	vanNH	4	D	FALSE	NA	o_line	D	def +
2014-06-15_pdxST-at-vanNH	2	20	vanNH	40	2	5	vanNH	vanNH	10	G	TRUE	vanNH	d_line	G	G
2014-06-15_pdxST-at-vanNH	3	21	pdxST	41	1	5	vanNH	pdxST	5	D	FALSE	NA	o_line	D	def +
2014-06-15_pdxST-at-vanNH	3	21	pdxST	42	2	12	pdxST	pdxST	3	TD	FALSE	NA	d_line	TD	off -
2014-06-15_pdxST-at-vanNH	3	21	pdxST	43	3	14	vanNH	vanNH	98	LG	TRUE	vanNH	o_line	G	G
2014-06-15_pdxST-at-vanNH	3	22	vanNH	44	1	22	pdxST	pdxST	6	G	TRUE	pdxST	o_line	G	G
2014-06-15_pdxST-at-vanNH	3	23	pdxST	45	1	5	vanNH	vanNH	72	TA	FALSE	NA	o_line	TA	off -
2014-06-15_pdxST-at-vanNH	3	23	pdxST	46	2	15	pdxST	pdxST	5	LG	TRUE	pdxST	d_line	G	G
2014-06-15_pdxST-at-vanNH	3	24	pdxST	47	1	5	vanNH	vanNH	10	TA	FALSE	NA	o_line	TA	off -
2014-06-15_pdxST-at-vanNH	3	24	pdxST	48	2	10	pdxST	pdxST	17	G	TRUE	pdxST	d_line	G	G
2014-06-15_pdxST-at-vanNH	3	25	pdxST	49	1	16	vanNH	vanNH	21	G	TRUE	vanNH	o_line	G	G
2014-06-15_pdxST-at-vanNH	3	26	vanNH	50	1	8	pdxST	pdxST	6	LG	TRUE	pdxST	o_line	G	G
2014-06-15_pdxST-at-vanNH	3	27	pdxST	51	1	6	vanNH	vanNH	98	LG	TRUE	vanNH	o_line	G	G
2014-06-15_pdxST-at-vanNH	3	28	vanNH	52	1	16	pdxST	pdxST	42	TA	FALSE	NA	o_line	TA	off -
2014-06-15_pdxST-at-vanNH	3	28	vanNH	53	2	24	vanNH	vanNH	4	G	TRUE	vanNH	d_line	G	G
2014-06-15_pdxST-at-vanNH	3	29	vanNH	54	1	7	pdxST	pdxST	2	LG	TRUE	pdxST	o_line	G	G
2014-06-15_pdxST-at-vanNH	3	30	pdxST	55	1	4	vanNH	vanNH	98	TA	FALSE	NA	o_line	TA	off -
2014-06-15_pdxST-at-vanNH	3	30	pdxST	56	2	10	pdxST	pdxST	8	TA	FALSE	NA	d_line	TA	off -
2014-06-15_pdxST-at-vanNH	3	30	pdxST	57	3	16	vanNH	vanNH	5	TA	FALSE	NA	o_line	TA	off -
2014-06-15_pdxST-at-vanNH	3	30	pdxST	58	4	34	pdxST	vanNH	8	eop	FALSE	NA	d_line	eop	eop
2014-06-15_pdxST-at-vanNH	4	31	vanNH	59	1	12	pdxST	vanNH	24	HB	FALSE	NA	o_line	D	def +
2014-06-15_pdxST-at-vanNH	4	31	vanNH	60	2	15	vanNH	pdxST	24	D	FALSE	NA	d_line	D	def +
2014-06-15_pdxST-at-vanNH	4	31	vanNH	61	3	36	pdxST	pdxST	6	G	TRUE	pdxST	o_line	G	G
2014-06-15_pdxST-at-vanNH	4	32	pdxST	62	1	9	vanNH	pdxST	7	FB	FALSE	NA	o_line	D	def +
2014-06-15_pdxST-at-vanNH	4	32	pdxST	63	2	16	pdxST	pdxST	21	G	TRUE	pdxST	d_line	G	G
2014-06-15_pdxST-at-vanNH	4	33	pdxST	64	1	10	vanNH	vanNH	5	G	TRUE	vanNH	o_line	G	G
2014-06-15_pdxST-at-vanNH	4	34	vanNH	65	1	19	pdxST	pdxST	73	off F	FALSE	NA	o_line	off F	off -
2014-06-15_pdxST-at-vanNH	4	34	vanNH	66	2	28	vanNH	vanNH	98	G	TRUE	vanNH	d_line	G	G
2014-06-15_pdxST-at-vanNH	4	35	vanNH	67	1	9	pdxST	pdxST	42	G	TRUE	pdxST	o_line	G	G
2014-06-15_pdxST-at-vanNH	4	36	pdxST	68	1	7	vanNH	vanNH	5	TA	FALSE	NA	o_line	TA	off -
2014-06-15_pdxST-at-vanNH	4	36	pdxST	69	2	12	pdxST	pdxST	17	G	TRUE	pdxST	d_line	G	G
2014-06-15_pdxST-at-vanNH	4	37	pdxST	70	1	7	vanNH	vanNH	8	LG	TRUE	vanNH	o_line	G	G
2014-06-15_pdxST-at-vanNH	4	38	vanNH	71	1	10	pdxST	pdxST	16	G	TRUE	pdxST	o_line	G	G
2014-06-15_pdxST-at-vanNH	4	39	pdxST	72	1	8	vanNH	vanNH	22	G	TRUE	vanNH	o_line	G	G
2014-06-15_pdxST-at-vanNH	4	40	vanNH	73	1	14	pdxST	vanNH	14	D	FALSE	NA	o_line	D	def +
2014-06-15_pdxST-at-vanNH	4	40	vanNH	74	2	22	vanNH	vanNH	98	G	TRUE	vanNH	d_line	G	G
2014-06-15_pdxST-at-vanNH	4	41	vanNH	75	1	4	pdxST	pdxST	73	eop	FALSE	NA	o_line	eop	eop
2014-04-12_seaRM-at-sfoDF	1	1	sfoDF	1	1	5	seaRM	seaRM	48	LG	TRUE	seaRM	o_line	G	G
2014-04-12_seaRM-at-sfoDF	1	2	seaRM	2	1	7	sfoDF	sfoDF	11	TA	FALSE	NA	o_line	TA	off -
2014-04-12_seaRM-at-sfoDF	1	2	seaRM	3	2	9	seaRM	seaRM	9	G	TRUE	seaRM	d_line	G	G
2014-04-12_seaRM-at-sfoDF	1	3	seaRM	4	1	5	sfoDF	sfoDF	40	G	TRUE	sfoDF	o_line	G	G
2014-04-12_seaRM-at-sfoDF	1	4	sfoDF	5	1	7	seaRM	seaRM	6	TA	FALSE	NA	o_line	TA	off -
2014-04-12_seaRM-at-sfoDF	1	4	sfoDF	6	2	15	sfoDF	sfoDF	25	TD	FALSE	NA	d_line	TD	off -
2014-04-12_seaRM-at-sfoDF	1	4	sfoDF	7	3	18	seaRM	seaRM	6	G	TRUE	seaRM	o_line	G	G
2014-04-12_seaRM-at-sfoDF	1	5	seaRM	8	1	8	sfoDF	seaRM	28	D	FALSE	NA	o_line	D	def +
2014-04-12_seaRM-at-sfoDF	1	5	seaRM	9	2	14	seaRM	sfoDF	34	D	FALSE	NA	d_line	D	def +
2014-04-12_seaRM-at-sfoDF	1	5	seaRM	10	3	27	sfoDF	sfoDF	34	G	TRUE	sfoDF	o_line	G	G
2014-04-12_seaRM-at-sfoDF	1	6	sfoDF	11	1	4	seaRM	seaRM	48	TD	FALSE	NA	o_line	TD	off -
2014-04-12_seaRM-at-sfoDF	1	6	sfoDF	12	2	12	sfoDF	seaRM	3	D	FALSE	NA	d_line	D	def +
2014-04-12_seaRM-at-sfoDF	1	6	sfoDF	13	3	18	seaRM	seaRM	20	TD	FALSE	NA	o_line	TD	off -
2014-04-12_seaRM-at-sfoDF	1	6	sfoDF	14	4	23	sfoDF	sfoDF	18	G	TRUE	sfoDF	d_line	G	G
2014-04-12_seaRM-at-sfoDF	1	7	sfoDF	15	1	8	seaRM	seaRM	1	G	TRUE	seaRM	o_line	G	G
2014-04-12_seaRM-at-sfoDF	1	8	seaRM	16	1	9	sfoDF	sfoDF	34	G	TRUE	sfoDF	o_line	G	G
2014-04-12_seaRM-at-sfoDF	1	9	sfoDF	17	1	4	seaRM	sfoDF	46	D	FALSE	NA	o_line	D	def +
2014-04-12_seaRM-at-sfoDF	1	9	sfoDF	18	2	14	sfoDF	sfoDF	17	TD	FALSE	NA	d_line	TD	off -
2014-04-12_seaRM-at-sfoDF	1	9	sfoDF	19	3	19	seaRM	seaRM	3	TA	FALSE	NA	o_line	TA	off -
2014-04-12_seaRM-at-sfoDF	1	9	sfoDF	20	4	20	sfoDF	sfoDF	12	TA	FALSE	NA	d_line	TA	off -
2014-04-12_seaRM-at-sfoDF	1	9	sfoDF	21	5	30	seaRM	seaRM	48	G	TRUE	seaRM	o_line	G	G
2014-04-12_seaRM-at-sfoDF	1	10	seaRM	22	1	6	sfoDF	seaRM	21	HB	FALSE	NA	o_line	D	def +
2014-04-12_seaRM-at-sfoDF	1	10	seaRM	23	2	9	seaRM	seaRM	9	G	TRUE	seaRM	d_line	G	G
2014-04-12_seaRM-at-sfoDF	1	11	seaRM	24	1	6	sfoDF	sfoDF	5	eop	FALSE	NA	o_line	eop	eop
2014-04-12_seaRM-at-sfoDF	2	12	sfoDF	25	1	3	seaRM	seaRM	3	TD	FALSE	NA	o_line	TD	off -
2014-04-12_seaRM-at-sfoDF	2	12	sfoDF	26	2	7	sfoDF	sfoDF	12	G	TRUE	sfoDF	d_line	G	G
2014-04-12_seaRM-at-sfoDF	2	13	sfoDF	27	1	14	seaRM	seaRM	6	TD	FALSE	NA	o_line	TD	off -
2014-04-12_seaRM-at-sfoDF	2	13	sfoDF	28	2	16	sfoDF	sfoDF	7	TA	FALSE	NA	d_line	TA	off -
2014-04-12_seaRM-at-sfoDF	2	13	sfoDF	29	3	19	seaRM	seaRM	48	G	TRUE	seaRM	o_line	G	G
2014-04-12_seaRM-at-sfoDF	2	14	seaRM	30	1	8	sfoDF	sfoDF	8	G	TRUE	sfoDF	o_line	G	G
2014-04-12_seaRM-at-sfoDF	2	15	sfoDF	31	1	8	seaRM	seaRM	51	TD	FALSE	NA	o_line	TD	off -
2014-04-12_seaRM-at-sfoDF	2	15	sfoDF	32	2	15	sfoDF	seaRM	48	D	FALSE	NA	d_line	D	def +
2014-04-12_seaRM-at-sfoDF	2	15	sfoDF	33	3	23	seaRM	seaRM	9	TA	FALSE	NA	o_line	TA	off -
2014-04-12_seaRM-at-sfoDF	2	15	sfoDF	34	4	27	sfoDF	sfoDF	88	G	TRUE	sfoDF	d_line	G	G
2014-04-12_seaRM-at-sfoDF	2	16	sfoDF	35	1	7	seaRM	seaRM	17	VST	FALSE	NA	o_line	VST	off -
2014-04-12_seaRM-at-sfoDF	2	16	sfoDF	36	2	9	sfoDF	sfoDF	46	TA	FALSE	NA	d_line	TA	off -
2014-04-12_seaRM-at-sfoDF	2	16	sfoDF	37	3	19	seaRM	seaRM	17	TA	FALSE	NA	o_line	TA	off -
2014-04-12_seaRM-at-sfoDF	2	16	sfoDF	38	4	22	sfoDF	sfoDF	85	G	TRUE	sfoDF	d_line	G	G
2014-04-12_seaRM-at-sfoDF	2	17	sfoDF	39	1	3	seaRM	seaRM	17	TD	FALSE	NA	o_line	TD	off -
2014-04-12_seaRM-at-sfoDF	2	17	sfoDF	40	2	6	sfoDF	sfoDF	83	TD	FALSE	NA	d_line	TD	off -
2014-04-12_seaRM-at-sfoDF	2	17	sfoDF	41	3	12	seaRM	seaRM	9	LG	TRUE	seaRM	o_line	G	G
2014-04-12_seaRM-at-sfoDF	2	18	seaRM	42	1	2	sfoDF	sfoDF	11	TA	FALSE	NA	o_line	TA	off -
2014-04-12_seaRM-at-sfoDF	2	18	seaRM	43	2	3	seaRM	seaRM	35	TA	FALSE	NA	d_line	TA	off -
2014-04-12_seaRM-at-sfoDF	2	18	seaRM	44	3	7	sfoDF	seaRM	35	D	FALSE	NA	o_line	D	def +
2014-04-12_seaRM-at-sfoDF	2	18	seaRM	45	4	9	seaRM	seaRM	13	TD	FALSE	NA	d_line	TD	off -
2014-04-12_seaRM-at-sfoDF	2	18	seaRM	46	5	13	sfoDF	sfoDF	24	G	TRUE	sfoDF	o_line	G	G
2014-04-12_seaRM-at-sfoDF	2	19	sfoDF	47	1	5	seaRM	seaRM	17	G	TRUE	seaRM	o_line	G	G
2014-04-12_seaRM-at-sfoDF	2	20	seaRM	48	1	4	sfoDF	sfoDF	5	TA	FALSE	NA	o_line	TA	off -
2014-04-12_seaRM-at-sfoDF	2	20	seaRM	49	2	6	seaRM	seaRM	28	TD	FALSE	NA	d_line	TD	off -
2014-04-12_seaRM-at-sfoDF	2	20	seaRM	50	3	12	sfoDF	sfoDF	8	G	TRUE	sfoDF	o_line	G	G
2014-04-12_seaRM-at-sfoDF	2	21	sfoDF	51	1	5	seaRM	seaRM	18	TA	FALSE	NA	o_line	TA	off -
2014-04-12_seaRM-at-sfoDF	2	21	sfoDF	52	2	8	sfoDF	sfoDF	40	TD	FALSE	NA	d_line	TD	off -
2014-04-12_seaRM-at-sfoDF	2	21	sfoDF	53	3	10	seaRM	seaRM	9	G	TRUE	seaRM	o_line	G	G
2014-04-12_seaRM-at-sfoDF	2	22	seaRM	54	1	5	sfoDF	sfoDF	11	eop	FALSE	NA	o_line	eop	eop
2014-04-12_seaRM-at-sfoDF	3	23	sfoDF	55	1	7	seaRM	sfoDF	37	D	FALSE	NA	o_line	D	def +
2014-04-12_seaRM-at-sfoDF	3	23	sfoDF	56	2	12	sfoDF	sfoDF	85	TA	FALSE	NA	d_line	TA	off -
2014-04-12_seaRM-at-sfoDF	3	23	sfoDF	57	3	16	seaRM	sfoDF	85	D	FALSE	NA	o_line	D	def +
2014-04-12_seaRM-at-sfoDF	3	23	sfoDF	58	4	20	sfoDF	sfoDF	10	G	TRUE	sfoDF	d_line	G	G
2014-04-12_seaRM-at-sfoDF	3	24	sfoDF	59	1	8	seaRM	seaRM	48	G	TRUE	seaRM	o_line	G	G
2014-04-12_seaRM-at-sfoDF	3	25	seaRM	60	1	3	sfoDF	sfoDF	13	TA	FALSE	NA	o_line	TA	off -
2014-04-12_seaRM-at-sfoDF	3	25	seaRM	61	2	10	seaRM	seaRM	29	G	TRUE	seaRM	d_line	G	G
2014-04-12_seaRM-at-sfoDF	3	26	seaRM	62	1	11	sfoDF	sfoDF	40	TA	FALSE	NA	o_line	TA	off -
2014-04-12_seaRM-at-sfoDF	3	26	seaRM	63	2	13	seaRM	seaRM	48	LG	TRUE	seaRM	d_line	G	G
2014-04-12_seaRM-at-sfoDF	3	27	seaRM	64	1	5	sfoDF	sfoDF	7	TD	FALSE	NA	o_line	TD	off -
2014-04-12_seaRM-at-sfoDF	3	27	seaRM	65	2	10	seaRM	seaRM	35	G	TRUE	seaRM	d_line	G	G
2014-04-12_seaRM-at-sfoDF	3	28	seaRM	66	1	9	sfoDF	sfoDF	5	G	TRUE	sfoDF	o_line	G	G
2014-04-12_seaRM-at-sfoDF	3	29	sfoDF	67	1	7	seaRM	seaRM	3	TD	FALSE	NA	o_line	TD	off -
2014-04-12_seaRM-at-sfoDF	3	29	sfoDF	68	2	9	sfoDF	seaRM	15	D	FALSE	NA	d_line	D	def +
2014-04-12_seaRM-at-sfoDF	3	29	sfoDF	69	3	18	seaRM	seaRM	15	TD	FALSE	NA	o_line	TD	off -
2014-04-12_seaRM-at-sfoDF	3	29	sfoDF	70	4	19	sfoDF	sfoDF	17	TA	FALSE	NA	d_line	TA	off -
2014-04-12_seaRM-at-sfoDF	3	29	sfoDF	71	5	21	seaRM	seaRM	51	TD	FALSE	NA	o_line	TD	off -
2014-04-12_seaRM-at-sfoDF	3	29	sfoDF	72	6	29	sfoDF	sfoDF	37	G	TRUE	sfoDF	d_line	G	G
2014-04-12_seaRM-at-sfoDF	3	30	sfoDF	73	1	14	seaRM	seaRM	48	G	TRUE	seaRM	o_line	G	G
2014-04-12_seaRM-at-sfoDF	3	31	seaRM	74	1	5	sfoDF	seaRM	35	D	FALSE	NA	o_line	D	def +
2014-04-12_seaRM-at-sfoDF	3	31	seaRM	75	2	9	seaRM	seaRM	20	TD	FALSE	NA	d_line	TD	off -
2014-04-12_seaRM-at-sfoDF	3	31	seaRM	76	3	19	sfoDF	sfoDF	5	G	TRUE	sfoDF	o_line	G	G
2014-04-12_seaRM-at-sfoDF	3	32	sfoDF	77	1	5	seaRM	sfoDF	46	D	FALSE	NA	o_line	D	def +
2014-04-12_seaRM-at-sfoDF	3	32	sfoDF	78	2	11	sfoDF	sfoDF	17	G	TRUE	sfoDF	d_line	G	G
2014-04-12_seaRM-at-sfoDF	3	33	sfoDF	79	1	8	seaRM	sfoDF	83	D	FALSE	NA	o_line	D	def +
2014-04-12_seaRM-at-sfoDF	3	33	sfoDF	80	2	12	sfoDF	sfoDF	2	LG	TRUE	sfoDF	d_line	G	G
2014-04-12_seaRM-at-sfoDF	3	34	sfoDF	81	1	7	seaRM	seaRM	35	VTT	FALSE	NA	o_line	VTT	off -
2014-04-12_seaRM-at-sfoDF	3	34	sfoDF	82	2	9	sfoDF	sfoDF	13	eop	FALSE	NA	d_line	eop	eop
2014-04-12_seaRM-at-sfoDF	4	35	sfoDF	83	1	13	seaRM	sfoDF	10	D	FALSE	NA	o_line	D	def +
2014-04-12_seaRM-at-sfoDF	4	35	sfoDF	84	2	17	sfoDF	seaRM	20	D	FALSE	NA	d_line	D	def +
2014-04-12_seaRM-at-sfoDF	4	35	sfoDF	85	3	20	seaRM	seaRM	35	TA	FALSE	NA	o_line	TA	off -
2014-04-12_seaRM-at-sfoDF	4	35	sfoDF	86	4	23	sfoDF	seaRM	6	D	FALSE	NA	d_line	D	def +
2014-04-12_seaRM-at-sfoDF	4	35	sfoDF	87	5	31	seaRM	seaRM	9	TD	FALSE	NA	o_line	TD	off -
2014-04-12_seaRM-at-sfoDF	4	35	sfoDF	88	6	32	sfoDF	sfoDF	12	TA	FALSE	NA	d_line	TA	off -
2014-04-12_seaRM-at-sfoDF	4	35	sfoDF	89	7	34	seaRM	seaRM	9	G	TRUE	seaRM	o_line	G	G
2014-04-12_seaRM-at-sfoDF	4	36	seaRM	90	1	27	sfoDF	seaRM	3	D	FALSE	NA	o_line	D	def +
2014-04-12_seaRM-at-sfoDF	4	36	seaRM	91	2	29	seaRM	sfoDF	5	HB	FALSE	NA	d_line	D	def +
2014-04-12_seaRM-at-sfoDF	4	36	seaRM	92	3	31	sfoDF	seaRM	9	D	FALSE	NA	o_line	D	def +
2014-04-12_seaRM-at-sfoDF	4	36	seaRM	93	4	37	seaRM	seaRM	35	TA	FALSE	NA	d_line	TA	off -
2014-04-12_seaRM-at-sfoDF	4	36	seaRM	94	5	47	sfoDF	sfoDF	5	TD	FALSE	NA	o_line	TD	off -
2014-04-12_seaRM-at-sfoDF	4	36	seaRM	95	6	49	seaRM	seaRM	29	TD	FALSE	NA	d_line	TD	off -
2014-04-12_seaRM-at-sfoDF	4	36	seaRM	96	7	51	sfoDF	sfoDF	13	G	TRUE	sfoDF	o_line	G	G
2014-04-12_seaRM-at-sfoDF	4	37	sfoDF	97	1	2	seaRM	seaRM	3	TA	FALSE	NA	o_line	TA	off -
2014-04-12_seaRM-at-sfoDF	4	37	sfoDF	98	2	4	sfoDF	sfoDF	10	TD	FALSE	NA	d_line	TD	off -
2014-04-12_seaRM-at-sfoDF	4	37	sfoDF	99	3	13	seaRM	sfoDF	85	D	FALSE	NA	o_line	D	def +
2014-04-12_seaRM-at-sfoDF	4	37	sfoDF	100	4	17	sfoDF	sfoDF	12	G	TRUE	sfoDF	d_line	G	G
2014-04-12_seaRM-at-sfoDF	4	38	sfoDF	101	1	6	seaRM	sfoDF	2	D	FALSE	NA	o_line	D	def +
2014-04-12_seaRM-at-sfoDF	4	38	sfoDF	102	2	29	sfoDF	sfoDF	34	TD	FALSE	NA	d_line	TD	off -
2014-04-12_seaRM-at-sfoDF	4	38	sfoDF	103	3	31	seaRM	seaRM	13	eop	FALSE	NA	o_line	eop	eop
2014-04-19_sfoDF-at-seaRM	1	1	sfoDF	1	1	14	seaRM	seaRM	6	G	TRUE	seaRM	o_line	G	G
2014-04-19_sfoDF-at-seaRM	1	2	seaRM	2	1	9	sfoDF	sfoDF	34	G	TRUE	sfoDF	o_line	G	G
2014-04-19_sfoDF-at-seaRM	1	3	sfoDF	3	1	7	seaRM	seaRM	25	G	TRUE	seaRM	o_line	G	G
2014-04-19_sfoDF-at-seaRM	1	4	seaRM	4	1	9	sfoDF	seaRM	23	D	FALSE	NA	o_line	D	def +
2014-04-19_sfoDF-at-seaRM	1	4	seaRM	5	2	14	seaRM	seaRM	23	TD	FALSE	NA	d_line	TD	off -
2014-04-19_sfoDF-at-seaRM	1	4	seaRM	6	3	15	sfoDF	sfoDF	83	TA	FALSE	NA	o_line	TA	off -
2014-04-19_sfoDF-at-seaRM	1	4	seaRM	7	4	18	seaRM	seaRM	24	G	TRUE	seaRM	d_line	G	G
2014-04-19_sfoDF-at-seaRM	1	5	seaRM	8	1	12	sfoDF	sfoDF	85	TD	FALSE	NA	o_line	TD	off -
2014-04-19_sfoDF-at-seaRM	1	5	seaRM	9	2	18	seaRM	sfoDF	1	D	FALSE	NA	d_line	D	def +
2014-04-19_sfoDF-at-seaRM	1	5	seaRM	10	3	20	sfoDF	sfoDF	85	TD	FALSE	NA	o_line	TD	off -
2014-04-19_sfoDF-at-seaRM	1	5	seaRM	11	4	22	seaRM	sfoDF	85	D	FALSE	NA	d_line	D	def +
2014-04-19_sfoDF-at-seaRM	1	5	seaRM	12	5	26	sfoDF	sfoDF	46	G	TRUE	sfoDF	o_line	G	G
2014-04-19_sfoDF-at-seaRM	1	6	sfoDF	13	1	6	seaRM	seaRM	6	G	TRUE	seaRM	o_line	G	G
2014-04-19_sfoDF-at-seaRM	1	7	seaRM	14	1	3	sfoDF	seaRM	13	D	FALSE	NA	o_line	D	def +
2014-04-19_sfoDF-at-seaRM	1	7	seaRM	15	2	4	seaRM	seaRM	13	TD	FALSE	NA	d_line	TD	off -
2014-04-19_sfoDF-at-seaRM	1	7	seaRM	16	3	10	sfoDF	sfoDF	24	G	TRUE	sfoDF	o_line	G	G
2014-04-19_sfoDF-at-seaRM	1	8	sfoDF	17	1	4	seaRM	sfoDF	85	D	FALSE	NA	o_line	D	def +
2014-04-19_sfoDF-at-seaRM	1	8	sfoDF	18	2	8	sfoDF	sfoDF	25	TD	FALSE	NA	d_line	TD	off -
2014-04-19_sfoDF-at-seaRM	1	8	sfoDF	19	3	12	seaRM	seaRM	0	VST	FALSE	NA	o_line	VST	off -
2014-04-19_sfoDF-at-seaRM	1	8	sfoDF	20	4	16	sfoDF	seaRM	0	D	FALSE	NA	d_line	D	def +
2014-04-19_sfoDF-at-seaRM	1	8	sfoDF	21	5	17	seaRM	seaRM	17	TA	FALSE	NA	o_line	TA	off -
2014-04-19_sfoDF-at-seaRM	1	8	sfoDF	22	6	20	sfoDF	sfoDF	83	eop	FALSE	NA	d_line	eop	eop
2014-04-19_sfoDF-at-seaRM	2	9	sfoDF	23	1	9	seaRM	seaRM	20	G	TRUE	seaRM	o_line	G	G
2014-04-19_sfoDF-at-seaRM	2	10	seaRM	24	1	4	sfoDF	sfoDF	11	TA	FALSE	NA	o_line	TA	off -
2014-04-19_sfoDF-at-seaRM	2	10	seaRM	25	2	7	seaRM	sfoDF	8	HB	FALSE	NA	d_line	D	def +
2014-04-19_sfoDF-at-seaRM	2	10	seaRM	26	3	9	sfoDF	seaRM	21	D	FALSE	NA	o_line	D	def +
2014-04-19_sfoDF-at-seaRM	2	10	seaRM	27	4	12	seaRM	seaRM	29	TA	FALSE	NA	d_line	TA	off -
2014-04-19_sfoDF-at-seaRM	2	10	seaRM	28	5	17	sfoDF	sfoDF	11	G	TRUE	sfoDF	o_line	G	G
2014-04-19_sfoDF-at-seaRM	2	11	sfoDF	29	1	16	seaRM	seaRM	99	G	TRUE	seaRM	o_line	G	G
2014-04-19_sfoDF-at-seaRM	2	12	seaRM	30	1	9	sfoDF	sfoDF	24	LG	TRUE	sfoDF	o_line	G	G
2014-04-19_sfoDF-at-seaRM	2	13	sfoDF	31	1	8	seaRM	seaRM	17	G	TRUE	seaRM	o_line	G	G
2014-04-19_sfoDF-at-seaRM	2	14	seaRM	32	1	4	sfoDF	seaRM	29	D	FALSE	NA	o_line	D	def +
2014-04-19_sfoDF-at-seaRM	2	14	seaRM	33	2	10	seaRM	seaRM	25	G	TRUE	seaRM	d_line	G	G
2014-04-19_sfoDF-at-seaRM	2	15	seaRM	34	1	8	sfoDF	seaRM	24	D	FALSE	NA	o_line	D	def +
2014-04-19_sfoDF-at-seaRM	2	15	seaRM	35	2	13	seaRM	sfoDF	85	D	FALSE	NA	d_line	D	def +
2014-04-19_sfoDF-at-seaRM	2	15	seaRM	36	3	19	sfoDF	sfoDF	83	G	TRUE	sfoDF	o_line	G	G
2014-04-19_sfoDF-at-seaRM	2	16	sfoDF	37	1	8	seaRM	seaRM	99	G	TRUE	seaRM	o_line	G	G
2014-04-19_sfoDF-at-seaRM	2	17	seaRM	38	1	12	sfoDF	sfoDF	19	G	TRUE	sfoDF	o_line	G	G
2014-04-19_sfoDF-at-seaRM	2	18	sfoDF	39	1	4	seaRM	seaRM	25	TD	FALSE	NA	o_line	TD	off -
2014-04-19_sfoDF-at-seaRM	2	18	sfoDF	40	2	6	sfoDF	sfoDF	46	G	TRUE	sfoDF	d_line	G	G
2014-04-19_sfoDF-at-seaRM	2	19	sfoDF	41	1	9	seaRM	seaRM	18	G	TRUE	seaRM	o_line	G	G
2014-04-19_sfoDF-at-seaRM	2	20	seaRM	42	1	6	sfoDF	sfoDF	24	TD	FALSE	NA	o_line	TD	off -
2014-04-19_sfoDF-at-seaRM	2	20	seaRM	43	2	12	seaRM	seaRM	29	TA	FALSE	NA	d_line	TA	off -
2014-04-19_sfoDF-at-seaRM	2	20	seaRM	44	3	18	sfoDF	seaRM	21	D	FALSE	NA	o_line	D	def +
2014-04-19_sfoDF-at-seaRM	2	20	seaRM	45	4	25	seaRM	seaRM	12	G	TRUE	seaRM	d_line	G	G
2014-04-19_sfoDF-at-seaRM	2	21	seaRM	46	1	8	sfoDF	sfoDF	11	G	TRUE	sfoDF	o_line	G	G
2014-04-19_sfoDF-at-seaRM	2	22	sfoDF	47	1	3	seaRM	seaRM	0	eop	FALSE	NA	o_line	eop	eop
2014-04-19_sfoDF-at-seaRM	3	23	seaRM	48	1	9	sfoDF	sfoDF	83	TA	FALSE	NA	o_line	TA	off -
2014-04-19_sfoDF-at-seaRM	3	23	seaRM	49	2	23	seaRM	seaRM	12	G	TRUE	seaRM	d_line	G	G
2014-04-19_sfoDF-at-seaRM	3	24	seaRM	50	1	7	sfoDF	sfoDF	24	LG	TRUE	sfoDF	o_line	G	G
2014-04-19_sfoDF-at-seaRM	3	25	sfoDF	51	1	7	seaRM	seaRM	99	G	TRUE	seaRM	o_line	G	G
2014-04-19_sfoDF-at-seaRM	3	26	seaRM	52	1	7	sfoDF	sfoDF	83	TA	FALSE	NA	o_line	TA	off -
2014-04-19_sfoDF-at-seaRM	3	26	seaRM	53	2	11	seaRM	seaRM	13	TD	FALSE	NA	d_line	TD	off -
2014-04-19_sfoDF-at-seaRM	3	26	seaRM	54	3	21	sfoDF	sfoDF	83	G	TRUE	sfoDF	o_line	G	G
2014-04-19_sfoDF-at-seaRM	3	27	sfoDF	55	1	9	seaRM	seaRM	25	G	TRUE	seaRM	o_line	G	G
2014-04-19_sfoDF-at-seaRM	3	28	seaRM	56	1	11	sfoDF	seaRM	12	D	FALSE	NA	o_line	D	def +
2014-04-19_sfoDF-at-seaRM	3	28	seaRM	57	2	21	seaRM	seaRM	21	TD	FALSE	NA	d_line	TD	off -
2014-04-19_sfoDF-at-seaRM	3	28	seaRM	58	3	23	sfoDF	seaRM	29	D	FALSE	NA	o_line	D	def +
2014-04-19_sfoDF-at-seaRM	3	28	seaRM	59	4	25	seaRM	seaRM	23	G	TRUE	seaRM	d_line	G	G
2014-04-19_sfoDF-at-seaRM	3	29	seaRM	60	1	9	sfoDF	sfoDF	1	G	TRUE	sfoDF	o_line	G	G
2014-04-19_sfoDF-at-seaRM	3	30	sfoDF	61	1	8	seaRM	seaRM	51	G	TRUE	seaRM	o_line	G	G
2014-04-19_sfoDF-at-seaRM	3	31	seaRM	62	1	9	sfoDF	sfoDF	83	TA	FALSE	NA	o_line	TA	off -
2014-04-19_sfoDF-at-seaRM	3	31	seaRM	63	2	12	seaRM	seaRM	23	TA	FALSE	NA	d_line	TA	off -
2014-04-19_sfoDF-at-seaRM	3	31	seaRM	64	3	14	sfoDF	seaRM	12	D	FALSE	NA	o_line	D	def +
2014-04-19_sfoDF-at-seaRM	3	31	seaRM	65	4	18	seaRM	seaRM	20	TA	FALSE	NA	d_line	TA	off -
2014-04-19_sfoDF-at-seaRM	3	31	seaRM	66	5	26	sfoDF	sfoDF	85	TD	FALSE	NA	o_line	TD	off -
2014-04-19_sfoDF-at-seaRM	3	31	seaRM	67	6	28	seaRM	sfoDF	12	D	FALSE	NA	d_line	D	def +
2014-04-19_sfoDF-at-seaRM	3	31	seaRM	68	7	32	sfoDF	sfoDF	12	TA	FALSE	NA	o_line	TA	off -
2014-04-19_sfoDF-at-seaRM	3	31	seaRM	69	8	40	seaRM	sfoDF	11	D	FALSE	NA	d_line	D	def +
2014-04-19_sfoDF-at-seaRM	3	31	seaRM	70	9	42	sfoDF	sfoDF	21	eop	FALSE	NA	o_line	eop	eop
2014-04-19_sfoDF-at-seaRM	4	32	seaRM	71	1	14	sfoDF	sfoDF	57	G	TRUE	sfoDF	o_line	G	G
2014-04-19_sfoDF-at-seaRM	4	33	sfoDF	72	1	6	seaRM	sfoDF	46	D	FALSE	NA	o_line	D	def +
2014-04-19_sfoDF-at-seaRM	4	33	sfoDF	73	2	13	sfoDF	seaRM	6	D	FALSE	NA	d_line	D	def +
2014-04-19_sfoDF-at-seaRM	4	33	sfoDF	74	3	20	seaRM	seaRM	6	G	TRUE	seaRM	o_line	G	G
2014-04-19_sfoDF-at-seaRM	4	34	seaRM	75	1	9	sfoDF	sfoDF	24	G	TRUE	sfoDF	o_line	G	G
2014-04-19_sfoDF-at-seaRM	4	35	sfoDF	76	1	5	seaRM	seaRM	5	VTT	FALSE	NA	o_line	VTT	off -
2014-04-19_sfoDF-at-seaRM	4	35	sfoDF	77	2	8	sfoDF	sfoDF	37	G	TRUE	sfoDF	d_line	G	G
2014-04-19_sfoDF-at-seaRM	4	36	sfoDF	78	1	3	seaRM	seaRM	20	TA	FALSE	NA	o_line	TA	off -
2014-04-19_sfoDF-at-seaRM	4	36	sfoDF	79	2	10	sfoDF	seaRM	21	D	FALSE	NA	d_line	D	def +
2014-04-19_sfoDF-at-seaRM	4	36	sfoDF	80	3	16	seaRM	sfoDF	34	HB	FALSE	NA	o_line	D	def +
2014-04-19_sfoDF-at-seaRM	4	36	sfoDF	81	4	19	sfoDF	sfoDF	11	G	TRUE	sfoDF	d_line	G	G
2014-04-19_sfoDF-at-seaRM	4	37	sfoDF	82	1	16	seaRM	seaRM	99	G	TRUE	seaRM	o_line	G	G
2014-04-19_sfoDF-at-seaRM	4	38	seaRM	83	1	4	sfoDF	sfoDF	14	TA	FALSE	NA	o_line	TA	off -
2014-04-19_sfoDF-at-seaRM	4	38	seaRM	84	2	8	seaRM	seaRM	24	TA	FALSE	NA	d_line	TA	off -
2014-04-19_sfoDF-at-seaRM	4	38	seaRM	85	3	9	sfoDF	sfoDF	NA	TA	FALSE	NA	o_line	TA	off -
2014-04-19_sfoDF-at-seaRM	4	38	seaRM	86	4	13	seaRM	seaRM	6	G	TRUE	seaRM	d_line	G	G
2014-04-19_sfoDF-at-seaRM	4	39	seaRM	87	1	9	sfoDF	sfoDF	83	G	TRUE	sfoDF	o_line	G	G
2014-04-19_sfoDF-at-seaRM	4	40	sfoDF	88	1	6	seaRM	sfoDF	25	D	FALSE	NA	o_line	D	def +
2014-04-19_sfoDF-at-seaRM	4	40	sfoDF	89	2	12	sfoDF	sfoDF	37	TD	FALSE	NA	d_line	TD	off -
2014-04-19_sfoDF-at-seaRM	4	40	sfoDF	90	3	14	seaRM	sfoDF	34	D	FALSE	NA	o_line	D	def +
2014-04-19_sfoDF-at-seaRM	4	40	sfoDF	91	4	16	sfoDF	sfoDF	18	G	TRUE	sfoDF	d_line	G	G
2014-04-19_sfoDF-at-seaRM	4	41	sfoDF	92	1	4	seaRM	seaRM	5	TD	FALSE	NA	o_line	TD	off -
2014-04-19_sfoDF-at-seaRM	4	41	sfoDF	93	2	13	sfoDF	sfoDF	34	G	TRUE	sfoDF	d_line	G	G
2014-04-19_sfoDF-at-seaRM	4	42	sfoDF	94	1	4	seaRM	seaRM	17	eop	FALSE	NA	o_line	eop	eop
2014-04-19_sfoDF-at-seaRM	OT	43	sfoDF	95	1	6	seaRM	seaRM	51	TA	FALSE	NA	o_line	TA	off -
2014-04-19_sfoDF-at-seaRM	OT	43	sfoDF	96	2	9	sfoDF	sfoDF	18	TD	FALSE	NA	d_line	TD	off -
2014-04-19_sfoDF-at-seaRM	OT	43	sfoDF	97	3	22	seaRM	sfoDF	21	D	FALSE	NA	o_line	D	def +
2014-04-19_sfoDF-at-seaRM	OT	43	sfoDF	98	4	24	sfoDF	seaRM	25	D	FALSE	NA	d_line	D	def +
2014-04-19_sfoDF-at-seaRM	OT	43	sfoDF	99	5	28	seaRM	seaRM	6	G	TRUE	seaRM	o_line	G	G
2014-04-19_sfoDF-at-seaRM	OT	44	seaRM	100	1	2	sfoDF	sfoDF	11	TA	FALSE	NA	o_line	TA	off -
2014-04-19_sfoDF-at-seaRM	OT	44	seaRM	101	2	4	seaRM	seaRM	24	G	TRUE	seaRM	d_line	G	G
2014-04-19_sfoDF-at-seaRM	OT	45	seaRM	102	1	16	sfoDF	seaRM	51	D	FALSE	NA	o_line	D	def +
2014-04-19_sfoDF-at-seaRM	OT	45	seaRM	103	2	19	seaRM	sfoDF	24	D	FALSE	NA	d_line	D	def +
2014-04-19_sfoDF-at-seaRM	OT	45	seaRM	104	3	21	sfoDF	sfoDF	14	TD	FALSE	NA	o_line	TD	off -
2014-04-19_sfoDF-at-seaRM	OT	45	seaRM	105	4	22	seaRM	seaRM	21	TA	FALSE	NA	d_line	TA	off -
2014-04-19_sfoDF-at-seaRM	OT	45	seaRM	106	5	26	sfoDF	sfoDF	24	LG	TRUE	sfoDF	o_line	G	G
2014-04-19_sfoDF-at-seaRM	OT	46	sfoDF	107	1	3	seaRM	seaRM	17	eop	FALSE	NA	o_line	eop	eop
