game	period	point	pull_team	poss_abs	n_poss	n_events	poss_team	pl_team	pl_pnum	pl_code	huck	score	scor_team	who	a_code	b_code
2014-04-12_vanNH-at-pdxST	1	1	vanNH	2	2	13	vanNH	vanNH	81	LG	TRUE	TRUE	vanNH	d_line	G	G
2014-04-12_vanNH-at-pdxST	1	2	vanNH	3	1	8	pdxST	pdxST	6	G	TRUE	TRUE	pdxST	o_line	G	G
2014-04-12_vanNH-at-pdxST	1	3	pdxST	4	1	5	vanNH	vanNH	98	G	FALSE	TRUE	vanNH	o_line	G	G
2014-04-12_vanNH-at-pdxST	1	4	vanNH	6	2	14	vanNH	vanNH	13	G	FALSE	TRUE	vanNH	d_line	G	G
2014-04-12_vanNH-at-pdxST	1	5	vanNH	7	1	11	pdxST	pdxST	7	G	FALSE	TRUE	pdxST	o_line	G	G
2014-04-12_vanNH-at-pdxST	1	6	pdxST	9	2	17	pdxST	pdxST	3	LG	TRUE	TRUE	pdxST	d_line	G	G
2014-04-12_vanNH-at-pdxST	1	7	pdxST	10	1	9	vanNH	vanNH	98	G	FALSE	TRUE	vanNH	o_line	G	G
2014-04-12_vanNH-at-pdxST	1	8	vanNH	11	1	14	pdxST	pdxST	42	G	FALSE	TRUE	pdxST	o_line	G	G
2014-04-12_vanNH-at-pdxST	1	9	pdxST	12	1	7	vanNH	vanNH	21	G	FALSE	TRUE	vanNH	o_line	G	G
2014-04-12_vanNH-at-pdxST	1	10	vanNH	13	1	8	pdxST	pdxST	13	G	TRUE	TRUE	pdxST	o_line	G	G
2014-04-12_vanNH-at-pdxST	1	11	pdxST	14	1	11	vanNH	vanNH	22	G	FALSE	TRUE	vanNH	o_line	G	G
2014-04-12_vanNH-at-pdxST	1	12	vanNH	15	1	8	pdxST	pdxST	42	G	TRUE	TRUE	pdxST	o_line	G	G
2014-04-12_vanNH-at-pdxST	1	13	pdxST	20	5	26	vanNH	vanNH	33	G	FALSE	TRUE	vanNH	o_line	G	G
2014-04-12_vanNH-at-pdxST	1	14	vanNH	23	3	8	pdxST	pdxST	13	LG	TRUE	TRUE	pdxST	o_line	G	G
2014-04-12_vanNH-at-pdxST	1	15	pdxST	25	2	7	pdxST	pdxST	6	G	TRUE	TRUE	pdxST	d_line	G	G
2014-04-12_vanNH-at-pdxST	1	16	pdxST	27	2	14	pdxST	pdxST	4	G	FALSE	TRUE	pdxST	d_line	G	G
2014-04-12_vanNH-at-pdxST	1	17	pdxST	28	1	3	vanNH	vanNH	8	eop	TRUE	FALSE	NA	o_line	eop	eop
2014-04-12_vanNH-at-pdxST	2	18	pdxST	29	1	7	vanNH	vanNH	98	LG	TRUE	TRUE	vanNH	o_line	G	G
2014-04-12_vanNH-at-pdxST	2	19	vanNH	31	2	17	vanNH	vanNH	18	G	FALSE	TRUE	vanNH	d_line	G	G
2014-04-12_vanNH-at-pdxST	2	20	vanNH	33	2	18	vanNH	vanNH	21	LG	TRUE	TRUE	vanNH	d_line	G	G
2014-04-12_vanNH-at-pdxST	2	21	vanNH	34	1	15	pdxST	pdxST	16	LG	TRUE	TRUE	pdxST	o_line	G	G
2014-04-12_vanNH-at-pdxST	2	22	pdxST	39	5	36	vanNH	vanNH	31	G	TRUE	TRUE	vanNH	o_line	G	G
2014-04-12_vanNH-at-pdxST	2	23	vanNH	41	2	34	vanNH	vanNH	98	G	FALSE	TRUE	vanNH	d_line	G	G
2014-04-12_vanNH-at-pdxST	2	24	vanNH	42	1	17	pdxST	pdxST	13	G	FALSE	TRUE	pdxST	o_line	G	G
2014-04-12_vanNH-at-pdxST	2	25	pdxST	43	1	9	vanNH	vanNH	10	G	FALSE	TRUE	vanNH	o_line	G	G
2014-04-12_vanNH-at-pdxST	2	26	vanNH	44	1	10	pdxST	pdxST	13	G	FALSE	TRUE	pdxST	o_line	G	G
2014-04-12_vanNH-at-pdxST	2	27	pdxST	45	1	6	vanNH	pdxST	22	eop	FALSE	FALSE	NA	o_line	eop	eop
2014-04-12_vanNH-at-pdxST	3	28	vanNH	46	1	9	pdxST	pdxST	13	LG	TRUE	TRUE	pdxST	o_line	G	G
2014-04-12_vanNH-at-pdxST	3	29	pdxST	50	4	19	pdxST	pdxST	3	G	FALSE	TRUE	pdxST	d_line	G	G
2014-04-12_vanNH-at-pdxST	3	30	pdxST	54	4	18	pdxST	pdxST	13	G	FALSE	TRUE	pdxST	d_line	G	G
2014-04-12_vanNH-at-pdxST	3	31	pdxST	56	2	34	pdxST	pdxST	7	G	FALSE	TRUE	pdxST	d_line	G	G
2014-04-12_vanNH-at-pdxST	3	32	pdxST	59	3	24	vanNH	vanNH	22	G	FALSE	TRUE	vanNH	o_line	G	G
2014-04-12_vanNH-at-pdxST	3	33	vanNH	60	1	8	pdxST	pdxST	13	G	TRUE	TRUE	pdxST	o_line	G	G
2014-04-12_vanNH-at-pdxST	3	34	pdxST	62	2	15	pdxST	pdxST	42	G	TRUE	TRUE	pdxST	d_line	G	G
2014-04-12_vanNH-at-pdxST	3	35	pdxST	65	3	12	vanNH	vanNH	75	G	FALSE	TRUE	vanNH	o_line	G	G
2014-04-12_vanNH-at-pdxST	3	36	vanNH	66	1	10	pdxST	pdxST	42	eop	FALSE	FALSE	NA	o_line	eop	eop
2014-04-12_vanNH-at-pdxST	4	37	pdxST	67	1	14	vanNH	vanNH	72	G	FALSE	TRUE	vanNH	o_line	G	G
2014-04-12_vanNH-at-pdxST	4	38	vanNH	69	2	22	vanNH	vanNH	45	G	TRUE	TRUE	vanNH	d_line	G	G
2014-04-12_vanNH-at-pdxST	4	39	vanNH	70	1	8	pdxST	pdxST	13	LG	TRUE	TRUE	pdxST	o_line	G	G
2014-04-12_vanNH-at-pdxST	4	40	pdxST	71	1	7	vanNH	vanNH	72	G	FALSE	TRUE	vanNH	o_line	G	G
2014-04-12_vanNH-at-pdxST	4	41	vanNH	72	1	38	pdxST	pdxST	10	G	FALSE	TRUE	pdxST	o_line	G	G
2014-04-12_vanNH-at-pdxST	4	42	pdxST	73	1	5	vanNH	vanNH	10	LG	TRUE	TRUE	vanNH	o_line	G	G
2014-04-12_vanNH-at-pdxST	4	43	vanNH	78	5	35	pdxST	pdxST	17	LG	TRUE	TRUE	pdxST	o_line	G	G
2014-04-12_vanNH-at-pdxST	4	44	pdxST	79	1	7	vanNH	vanNH	22	G	FALSE	TRUE	vanNH	o_line	G	G
2014-04-12_vanNH-at-pdxST	4	45	vanNH	80	1	23	pdxST	pdxST	13	G	FALSE	TRUE	pdxST	o_line	G	G
2014-04-12_vanNH-at-pdxST	4	46	pdxST	81	1	6	vanNH	vanNH	98	G	TRUE	TRUE	vanNH	o_line	G	G
2014-04-12_vanNH-at-pdxST	4	47	vanNH	82	1	6	pdxST	pdxST	2	G	TRUE	TRUE	pdxST	o_line	G	G
2014-04-20_sfoDF-at-vanNH	1	1	vanNH	4	4	20	vanNH	vanNH	81	G	FALSE	TRUE	vanNH	d_line	G	G
2014-04-20_sfoDF-at-vanNH	1	2	vanNH	5	1	5	sfoDF	sfoDF	3	G	FALSE	TRUE	sfoDF	o_line	G	G
2014-04-20_sfoDF-at-vanNH	1	3	sfoDF	8	3	12	vanNH	vanNH	91	G	FALSE	TRUE	vanNH	o_line	G	G
2014-04-20_sfoDF-at-vanNH	1	4	vanNH	16	8	32	vanNH	vanNH	72	G	TRUE	TRUE	vanNH	d_line	G	G
2014-04-20_sfoDF-at-vanNH	1	5	vanNH	18	2	9	vanNH	vanNH	14	G	TRUE	TRUE	vanNH	d_line	G	G
2014-04-20_sfoDF-at-vanNH	1	6	vanNH	19	1	12	sfoDF	sfoDF	1	G	FALSE	TRUE	sfoDF	o_line	G	G
2014-04-20_sfoDF-at-vanNH	1	7	sfoDF	23	4	24	sfoDF	sfoDF	24	G	FALSE	TRUE	sfoDF	d_line	G	G
2014-04-20_sfoDF-at-vanNH	1	8	sfoDF	26	3	15	vanNH	vanNH	19	LG	TRUE	TRUE	vanNH	o_line	G	G
2014-04-20_sfoDF-at-vanNH	1	9	vanNH	28	2	5	vanNH	vanNH	11	eop	FALSE	FALSE	NA	d_line	eop	eop
2014-04-20_sfoDF-at-vanNH	2	10	sfoDF	31	3	8	vanNH	vanNH	98	G	FALSE	TRUE	vanNH	o_line	G	G
2014-04-20_sfoDF-at-vanNH	2	11	vanNH	33	2	21	vanNH	vanNH	27	G	FALSE	TRUE	vanNH	d_line	G	G
2014-04-20_sfoDF-at-vanNH	2	12	vanNH	37	4	39	vanNH	vanNH	98	G	FALSE	TRUE	vanNH	d_line	G	G
2014-04-20_sfoDF-at-vanNH	2	13	vanNH	39	2	23	vanNH	vanNH	27	G	TRUE	TRUE	vanNH	d_line	G	G
2014-04-20_sfoDF-at-vanNH	2	14	vanNH	43	4	18	vanNH	vanNH	39	G	FALSE	TRUE	vanNH	d_line	G	G
2014-04-20_sfoDF-at-vanNH	2	15	vanNH	44	1	6	sfoDF	sfoDF	34	LG	TRUE	TRUE	sfoDF	o_line	G	G
2014-04-20_sfoDF-at-vanNH	2	16	sfoDF	45	1	10	vanNH	vanNH	89	G	TRUE	TRUE	vanNH	o_line	G	G
2014-04-20_sfoDF-at-vanNH	2	17	vanNH	46	1	8	sfoDF	vanNH	8	eop	FALSE	FALSE	NA	o_line	eop	eop
2014-04-20_sfoDF-at-vanNH	3	18	vanNH	48	2	8	vanNH	vanNH	81	G	TRUE	TRUE	vanNH	d_line	G	G
2014-04-20_sfoDF-at-vanNH	3	19	vanNH	51	3	11	sfoDF	sfoDF	37	G	FALSE	TRUE	sfoDF	o_line	G	G
2014-04-20_sfoDF-at-vanNH	3	20	sfoDF	52	1	10	vanNH	vanNH	98	G	FALSE	TRUE	vanNH	o_line	G	G
2014-04-20_sfoDF-at-vanNH	3	21	vanNH	55	3	14	sfoDF	sfoDF	21	G	FALSE	TRUE	sfoDF	o_line	G	G
2014-04-20_sfoDF-at-vanNH	3	22	sfoDF	60	5	19	vanNH	vanNH	98	G	FALSE	TRUE	vanNH	o_line	G	G
2014-04-20_sfoDF-at-vanNH	3	23	vanNH	61	1	6	sfoDF	sfoDF	57	G	TRUE	TRUE	sfoDF	o_line	G	G
2014-04-20_sfoDF-at-vanNH	3	24	sfoDF	62	1	9	vanNH	vanNH	72	G	FALSE	TRUE	vanNH	o_line	G	G
2014-04-20_sfoDF-at-vanNH	3	25	vanNH	63	1	14	sfoDF	sfoDF	83	G	FALSE	TRUE	sfoDF	o_line	G	G
2014-04-20_sfoDF-at-vanNH	3	26	sfoDF	64	1	5	vanNH	vanNH	98	LG	TRUE	TRUE	vanNH	o_line	G	G
2014-04-20_sfoDF-at-vanNH	3	27	vanNH	66	2	8	vanNH	vanNH	33	G	FALSE	TRUE	vanNH	d_line	G	G
2014-04-20_sfoDF-at-vanNH	3	28	vanNH	68	2	13	vanNH	vanNH	45	G	FALSE	TRUE	vanNH	d_line	G	G
2014-04-20_sfoDF-at-vanNH	3	29	vanNH	69	1	10	sfoDF	sfoDF	34	G	FALSE	TRUE	sfoDF	o_line	G	G
2014-04-20_sfoDF-at-vanNH	3	30	sfoDF	73	4	18	sfoDF	sfoDF	37	G	FALSE	TRUE	sfoDF	d_line	G	G
2014-04-20_sfoDF-at-vanNH	3	31	sfoDF	74	1	5	vanNH	vanNH	8	eop	FALSE	FALSE	NA	o_line	eop	eop
2014-04-20_sfoDF-at-vanNH	4	32	sfoDF	75	1	13	vanNH	vanNH	98	G	FALSE	TRUE	vanNH	o_line	G	G
2014-04-20_sfoDF-at-vanNH	4	33	vanNH	78	3	12	sfoDF	sfoDF	83	G	FALSE	TRUE	sfoDF	o_line	G	G
2014-04-20_sfoDF-at-vanNH	4	34	sfoDF	79	1	10	vanNH	vanNH	10	LG	TRUE	TRUE	vanNH	o_line	G	G
2014-04-20_sfoDF-at-vanNH	4	35	vanNH	82	3	15	sfoDF	sfoDF	34	G	FALSE	TRUE	sfoDF	o_line	G	G
2014-04-20_sfoDF-at-vanNH	4	36	sfoDF	83	1	6	vanNH	vanNH	72	LG	TRUE	TRUE	vanNH	o_line	G	G
2014-04-20_sfoDF-at-vanNH	4	37	vanNH	84	1	10	sfoDF	sfoDF	88	G	TRUE	TRUE	sfoDF	o_line	G	G
2014-04-20_sfoDF-at-vanNH	4	38	sfoDF	85	1	9	vanNH	vanNH	10	LG	TRUE	TRUE	vanNH	o_line	G	G
2014-04-20_sfoDF-at-vanNH	4	39	vanNH	87	2	6	vanNH	vanNH	14	G	FALSE	TRUE	vanNH	d_line	G	G
2014-04-20_sfoDF-at-vanNH	4	40	vanNH	88	1	11	sfoDF	sfoDF	88	G	TRUE	TRUE	sfoDF	o_line	G	G
2014-04-20_sfoDF-at-vanNH	4	41	sfoDF	89	1	5	vanNH	vanNH	98	LG	TRUE	TRUE	vanNH	o_line	G	G
2014-04-20_sfoDF-at-vanNH	4	42	vanNH	91	2	23	vanNH	vanNH	18	G	FALSE	TRUE	vanNH	d_line	G	G
2014-04-20_sfoDF-at-vanNH	4	43	vanNH	95	4	16	vanNH	vanNH	27	G	FALSE	TRUE	vanNH	d_line	G	G
2014-04-20_sfoDF-at-vanNH	4	44	vanNH	96	1	11	sfoDF	sfoDF	21	G	FALSE	TRUE	sfoDF	o_line	G	G
2014-04-20_sfoDF-at-vanNH	4	45	sfoDF	99	3	15	vanNH	vanNH	19	eop	FALSE	FALSE	NA	o_line	eop	eop
2014-04-26_vanNH-at-seaRM	1	1	vanNH	1	1	10	seaRM	seaRM	99	G	FALSE	TRUE	seaRM	o_line	G	G
2014-04-26_vanNH-at-seaRM	1	2	seaRM	5	4	21	seaRM	seaRM	35	LG	TRUE	TRUE	seaRM	d_line	G	G
2014-04-26_vanNH-at-seaRM	1	3	seaRM	7	2	6	seaRM	seaRM	51	G	FALSE	TRUE	seaRM	d_line	G	G
2014-04-26_vanNH-at-seaRM	1	4	seaRM	8	1	8	vanNH	vanNH	22	LG	TRUE	TRUE	vanNH	o_line	G	G
2014-04-26_vanNH-at-seaRM	1	5	vanNH	9	1	8	seaRM	seaRM	99	LG	TRUE	TRUE	seaRM	o_line	G	G
2014-04-26_vanNH-at-seaRM	1	6	seaRM	10	1	13	vanNH	vanNH	98	LG	TRUE	TRUE	vanNH	o_line	G	G
2014-04-26_vanNH-at-seaRM	1	7	vanNH	12	2	13	vanNH	vanNH	13	G	TRUE	TRUE	vanNH	d_line	G	G
2014-04-26_vanNH-at-seaRM	1	8	vanNH	17	5	19	seaRM	seaRM	25	LG	TRUE	TRUE	seaRM	o_line	G	G
2014-04-26_vanNH-at-seaRM	1	9	seaRM	18	1	6	vanNH	vanNH	98	G	TRUE	TRUE	vanNH	o_line	G	G
2014-04-26_vanNH-at-seaRM	1	10	vanNH	20	2	11	vanNH	vanNH	45	G	TRUE	TRUE	vanNH	d_line	G	G
2014-04-26_vanNH-at-seaRM	1	11	vanNH	24	4	16	vanNH	vanNH	33	eop	FALSE	FALSE	NA	d_line	eop	eop
2014-04-26_vanNH-at-seaRM	2	12	vanNH	28	4	21	vanNH	vanNH	81	G	FALSE	TRUE	vanNH	d_line	G	G
2014-04-26_vanNH-at-seaRM	2	13	vanNH	29	1	7	seaRM	seaRM	6	G	TRUE	TRUE	seaRM	o_line	G	G
2014-04-26_vanNH-at-seaRM	2	14	seaRM	31	2	14	seaRM	seaRM	48	G	FALSE	TRUE	seaRM	d_line	G	G
2014-04-26_vanNH-at-seaRM	2	15	seaRM	35	4	22	seaRM	seaRM	2	G	FALSE	TRUE	seaRM	d_line	G	G
2014-04-26_vanNH-at-seaRM	2	16	seaRM	36	1	9	vanNH	vanNH	10	G	FALSE	TRUE	vanNH	o_line	G	G
2014-04-26_vanNH-at-seaRM	2	17	vanNH	37	1	6	seaRM	seaRM	48	LG	TRUE	TRUE	seaRM	o_line	G	G
2014-04-26_vanNH-at-seaRM	2	18	seaRM	42	5	26	vanNH	vanNH	22	G	FALSE	TRUE	vanNH	o_line	G	G
2014-04-26_vanNH-at-seaRM	2	19	vanNH	45	3	19	seaRM	seaRM	48	G	FALSE	TRUE	seaRM	o_line	G	G
2014-04-26_vanNH-at-seaRM	2	20	seaRM	48	3	16	vanNH	vanNH	98	LG	TRUE	TRUE	vanNH	o_line	G	G
2014-04-26_vanNH-at-seaRM	3	21	seaRM	50	2	15	seaRM	seaRM	23	G	FALSE	TRUE	seaRM	d_line	G	G
2014-04-26_vanNH-at-seaRM	3	22	seaRM	51	1	3	vanNH	vanNH	89	LG	TRUE	TRUE	vanNH	o_line	G	G
2014-04-26_vanNH-at-seaRM	3	23	vanNH	52	1	16	seaRM	seaRM	99	G	FALSE	TRUE	seaRM	o_line	G	G
2014-04-26_vanNH-at-seaRM	3	24	seaRM	53	1	13	vanNH	vanNH	98	LG	TRUE	TRUE	vanNH	o_line	G	G
2014-04-26_vanNH-at-seaRM	3	25	vanNH	57	4	28	vanNH	vanNH	21	G	FALSE	TRUE	vanNH	d_line	G	G
2014-04-26_vanNH-at-seaRM	3	26	vanNH	58	1	8	seaRM	seaRM	6	LG	TRUE	TRUE	seaRM	o_line	G	G
2014-04-26_vanNH-at-seaRM	3	27	seaRM	62	4	20	seaRM	seaRM	24	G	FALSE	TRUE	seaRM	d_line	G	G
2014-04-26_vanNH-at-seaRM	3	28	seaRM	64	2	17	seaRM	seaRM	48	eop	TRUE	FALSE	NA	d_line	eop	eop
2014-04-26_vanNH-at-seaRM	4	29	seaRM	66	2	22	seaRM	seaRM	9	G	TRUE	TRUE	seaRM	d_line	G	G
2014-04-26_vanNH-at-seaRM	4	30	seaRM	67	1	4	vanNH	vanNH	8	LG	TRUE	TRUE	vanNH	o_line	G	G
2014-04-26_vanNH-at-seaRM	4	31	vanNH	70	3	17	seaRM	seaRM	9	G	FALSE	TRUE	seaRM	o_line	G	G
2014-04-26_vanNH-at-seaRM	4	32	seaRM	71	1	10	vanNH	vanNH	72	G	FALSE	TRUE	vanNH	o_line	G	G
2014-04-26_vanNH-at-seaRM	4	33	vanNH	72	1	4	seaRM	seaRM	48	G	FALSE	TRUE	seaRM	o_line	G	G
2014-04-26_vanNH-at-seaRM	4	34	seaRM	73	1	6	vanNH	vanNH	5	G	FALSE	TRUE	vanNH	o_line	G	G
2014-04-26_vanNH-at-seaRM	4	35	vanNH	80	7	42	seaRM	seaRM	99	LG	TRUE	TRUE	seaRM	o_line	G	G
2014-04-26_vanNH-at-seaRM	4	36	seaRM	82	2	24	seaRM	seaRM	9	G	FALSE	TRUE	seaRM	d_line	G	G
2014-04-26_vanNH-at-seaRM	4	37	seaRM	84	2	9	seaRM	seaRM	23	G	FALSE	TRUE	seaRM	d_line	G	G
2014-04-26_vanNH-at-seaRM	4	38	seaRM	86	2	5	seaRM	seaRM	4	eop	FALSE	FALSE	NA	d_line	eop	eop
2014-05-10_seaRM-at-vanNH	1	1	seaRM	1	1	21	vanNH	vanNH	10	G	FALSE	TRUE	vanNH	o_line	G	G
2014-05-10_seaRM-at-vanNH	1	2	vanNH	7	6	25	vanNH	vanNH	8	LG	TRUE	TRUE	vanNH	d_line	G	G
2014-05-10_seaRM-at-vanNH	1	3	vanNH	8	1	5	seaRM	seaRM	6	G	TRUE	TRUE	seaRM	o_line	G	G
2014-05-10_seaRM-at-vanNH	1	4	seaRM	10	2	10	seaRM	seaRM	29	G	FALSE	TRUE	seaRM	d_line	G	G
2014-05-10_seaRM-at-vanNH	1	5	seaRM	13	3	22	vanNH	vanNH	13	G	TRUE	TRUE	vanNH	o_line	G	G
2014-05-10_seaRM-at-vanNH	1	6	vanNH	16	3	16	seaRM	seaRM	48	LG	TRUE	TRUE	seaRM	o_line	G	G
2014-05-10_seaRM-at-vanNH	1	7	seaRM	17	1	13	vanNH	vanNH	22	G	FALSE	TRUE	vanNH	o_line	G	G
2014-05-10_seaRM-at-vanNH	1	8	vanNH	18	1	7	seaRM	seaRM	48	LG	TRUE	TRUE	seaRM	o_line	G	G
2014-05-10_seaRM-at-vanNH	1	9	seaRM	19	1	12	vanNH	vanNH	98	G	TRUE	TRUE	vanNH	o_line	G	G
2014-05-10_seaRM-at-vanNH	1	10	vanNH	20	1	6	seaRM	seaRM	48	G	TRUE	TRUE	seaRM	o_line	G	G
2014-05-10_seaRM-at-vanNH	1	11	seaRM	21	1	12	vanNH	vanNH	98	G	FALSE	TRUE	vanNH	o_line	G	G
2014-05-10_seaRM-at-vanNH	1	12	vanNH	22	1	4	seaRM	vanNH	8	eop	FALSE	FALSE	NA	o_line	eop	eop
2014-05-10_seaRM-at-vanNH	2	13	vanNH	23	1	16	seaRM	seaRM	48	G	FALSE	TRUE	seaRM	o_line	G	G
2014-05-10_seaRM-at-vanNH	2	14	seaRM	24	1	6	vanNH	vanNH	22	LG	TRUE	TRUE	vanNH	o_line	G	G
2014-05-10_seaRM-at-vanNH	2	15	vanNH	26	2	6	vanNH	vanNH	14	G	FALSE	TRUE	vanNH	d_line	G	G
2014-05-10_seaRM-at-vanNH	2	16	vanNH	28	2	19	vanNH	vanNH	37	G	TRUE	TRUE	vanNH	d_line	G	G
2014-05-10_seaRM-at-vanNH	2	17	vanNH	29	1	11	seaRM	seaRM	48	G	FALSE	TRUE	seaRM	o_line	G	G
2014-05-10_seaRM-at-vanNH	2	18	seaRM	30	1	6	vanNH	vanNH	91	LG	TRUE	TRUE	vanNH	o_line	G	G
2014-05-10_seaRM-at-vanNH	2	19	vanNH	33	3	15	seaRM	seaRM	99	G	TRUE	TRUE	seaRM	o_line	G	G
2014-05-10_seaRM-at-vanNH	2	20	seaRM	36	3	19	vanNH	vanNH	72	G	FALSE	TRUE	vanNH	o_line	G	G
2014-05-10_seaRM-at-vanNH	2	21	vanNH	37	1	6	seaRM	seaRM	8	LG	TRUE	TRUE	seaRM	o_line	G	G
2014-05-10_seaRM-at-vanNH	2	22	seaRM	38	1	9	vanNH	vanNH	21	G	FALSE	TRUE	vanNH	o_line	G	G
2014-05-10_seaRM-at-vanNH	2	23	vanNH	39	1	14	seaRM	seaRM	48	G	FALSE	TRUE	seaRM	o_line	G	G
2014-05-10_seaRM-at-vanNH	2	24	seaRM	42	3	29	vanNH	vanNH	72	G	TRUE	TRUE	vanNH	o_line	G	G
2014-05-10_seaRM-at-vanNH	2	25	vanNH	44	2	10	vanNH	vanNH	45	eop	FALSE	FALSE	NA	d_line	eop	eop
2014-05-10_seaRM-at-vanNH	3	26	seaRM	46	2	18	seaRM	seaRM	15	G	TRUE	TRUE	seaRM	d_line	G	G
2014-05-10_seaRM-at-vanNH	3	27	seaRM	47	1	7	vanNH	vanNH	13	G	FALSE	TRUE	vanNH	o_line	G	G
2014-05-10_seaRM-at-vanNH	3	28	vanNH	48	1	16	seaRM	seaRM	48	G	TRUE	TRUE	seaRM	o_line	G	G
2014-05-10_seaRM-at-vanNH	3	29	seaRM	49	1	6	vanNH	vanNH	98	LG	TRUE	TRUE	vanNH	o_line	G	G
2014-05-10_seaRM-at-vanNH	3	30	vanNH	50	1	9	seaRM	seaRM	6	G	FALSE	TRUE	seaRM	o_line	G	G
2014-05-10_seaRM-at-vanNH	3	31	seaRM	53	3	22	vanNH	vanNH	4	G	FALSE	TRUE	vanNH	o_line	G	G
2014-05-10_seaRM-at-vanNH	3	32	vanNH	54	1	4	seaRM	seaRM	48	G	FALSE	TRUE	seaRM	o_line	G	G
2014-05-10_seaRM-at-vanNH	3	33	seaRM	55	1	12	vanNH	vanNH	22	LG	TRUE	TRUE	vanNH	o_line	G	G
2014-05-10_seaRM-at-vanNH	3	34	vanNH	56	1	8	seaRM	seaRM	99	LG	TRUE	TRUE	seaRM	o_line	G	G
2014-05-10_seaRM-at-vanNH	3	35	seaRM	57	1	6	vanNH	vanNH	98	LG	TRUE	TRUE	vanNH	o_line	G	G
2014-05-10_seaRM-at-vanNH	3	36	vanNH	59	2	10	vanNH	vanNH	4	G	TRUE	TRUE	vanNH	d_line	G	G
2014-05-10_seaRM-at-vanNH	3	37	vanNH	61	2	14	vanNH	vanNH	10	G	FALSE	TRUE	vanNH	d_line	G	G
2014-05-10_seaRM-at-vanNH	3	38	vanNH	63	2	12	vanNH	vanNH	27	G	FALSE	TRUE	vanNH	d_line	G	G
2014-05-10_seaRM-at-vanNH	3	39	vanNH	69	6	27	vanNH	vanNH	72	G	FALSE	TRUE	vanNH	d_line	G	G
2014-05-10_seaRM-at-vanNH	4	40	vanNH	70	1	11	seaRM	seaRM	51	LG	TRUE	TRUE	seaRM	o_line	G	G
2014-05-10_seaRM-at-vanNH	4	41	seaRM	72	2	25	seaRM	seaRM	99	LG	TRUE	TRUE	seaRM	d_line	G	G
2014-05-10_seaRM-at-vanNH	4	42	seaRM	73	1	15	vanNH	vanNH	8	G	FALSE	TRUE	vanNH	o_line	G	G
2014-05-10_seaRM-at-vanNH	4	43	vanNH	76	3	14	seaRM	seaRM	48	LG	TRUE	TRUE	seaRM	o_line	G	G
2014-05-10_seaRM-at-vanNH	4	44	seaRM	77	1	8	vanNH	vanNH	98	G	TRUE	TRUE	vanNH	o_line	G	G
2014-05-10_seaRM-at-vanNH	4	45	vanNH	78	1	7	seaRM	seaRM	48	G	TRUE	TRUE	seaRM	o_line	G	G
2014-05-10_seaRM-at-vanNH	4	46	seaRM	79	1	8	vanNH	vanNH	19	G	TRUE	TRUE	vanNH	o_line	G	G
2014-05-10_seaRM-at-vanNH	4	47	vanNH	81	2	11	vanNH	vanNH	27	G	FALSE	TRUE	vanNH	d_line	G	G
2014-05-10_seaRM-at-vanNH	4	48	vanNH	82	1	15	seaRM	seaRM	48	G	FALSE	TRUE	seaRM	o_line	G	G
2014-05-10_seaRM-at-vanNH	4	49	seaRM	83	1	5	vanNH	vanNH	72	G	FALSE	TRUE	vanNH	o_line	G	G
2014-05-10_seaRM-at-vanNH	4	50	vanNH	84	1	4	seaRM	seaRM	6	LG	TRUE	TRUE	seaRM	o_line	G	G
2014-05-10_seaRM-at-vanNH	4	51	seaRM	85	1	10	vanNH	vanNH	22	G	FALSE	TRUE	vanNH	o_line	G	G
2014-05-10_seaRM-at-vanNH	4	52	vanNH	90	5	19	seaRM	seaRM	25	G	FALSE	TRUE	seaRM	o_line	G	G
2014-05-10_seaRM-at-vanNH	4	53	seaRM	91	1	9	vanNH	vanNH	72	G	TRUE	TRUE	vanNH	o_line	G	G
2014-05-10_seaRM-at-vanNH	4	54	vanNH	92	1	5	seaRM	seaRM	48	G	FALSE	TRUE	seaRM	o_line	G	G
2014-05-10_seaRM-at-vanNH	4	55	seaRM	93	1	7	vanNH	vanNH	89	eop	FALSE	FALSE	NA	o_line	eop	eop
2014-05-17_vanNH-at-sfoDF	1	1	sfoDF	10	10	30	sfoDF	sfoDF	21	LG	TRUE	TRUE	sfoDF	d_line	G	G
2014-05-17_vanNH-at-sfoDF	1	2	sfoDF	12	2	12	sfoDF	sfoDF	6	G	TRUE	TRUE	sfoDF	d_line	G	G
2014-05-17_vanNH-at-sfoDF	1	3	sfoDF	13	1	19	vanNH	vanNH	98	G	FALSE	TRUE	vanNH	o_line	G	G
2014-05-17_vanNH-at-sfoDF	1	4	vanNH	15	2	10	vanNH	vanNH	31	G	FALSE	TRUE	vanNH	d_line	G	G
2014-05-17_vanNH-at-sfoDF	1	5	vanNH	20	5	16	sfoDF	sfoDF	21	G	FALSE	TRUE	sfoDF	o_line	G	G
2014-05-17_vanNH-at-sfoDF	1	6	sfoDF	23	3	21	vanNH	vanNH	89	G	TRUE	TRUE	vanNH	o_line	G	G
2014-05-17_vanNH-at-sfoDF	1	7	vanNH	24	1	9	sfoDF	sfoDF	17	G	FALSE	TRUE	sfoDF	o_line	G	G
2014-05-17_vanNH-at-sfoDF	1	8	sfoDF	29	5	13	vanNH	vanNH	10	G	FALSE	TRUE	vanNH	o_line	G	G
2014-05-17_vanNH-at-sfoDF	1	9	vanNH	31	2	8	vanNH	sfoDF	12	eop	FALSE	FALSE	NA	d_line	eop	eop
2014-05-17_vanNH-at-sfoDF	2	10	vanNH	32	1	7	sfoDF	sfoDF	11	G	TRUE	TRUE	sfoDF	o_line	G	G
2014-05-17_vanNH-at-sfoDF	2	11	sfoDF	34	2	9	sfoDF	sfoDF	18	LG	TRUE	TRUE	sfoDF	d_line	G	G
2014-05-17_vanNH-at-sfoDF	2	12	sfoDF	39	5	15	vanNH	vanNH	13	G	FALSE	TRUE	vanNH	o_line	G	G
2014-05-17_vanNH-at-sfoDF	2	13	vanNH	46	7	29	sfoDF	sfoDF	6	G	FALSE	TRUE	sfoDF	o_line	G	G
2014-05-17_vanNH-at-sfoDF	2	14	sfoDF	55	9	37	vanNH	vanNH	98	G	FALSE	TRUE	vanNH	o_line	G	G
2014-05-17_vanNH-at-sfoDF	2	15	vanNH	58	3	20	sfoDF	sfoDF	12	G	FALSE	TRUE	sfoDF	o_line	G	G
2014-05-17_vanNH-at-sfoDF	2	16	sfoDF	59	1	5	vanNH	vanNH	72	G	FALSE	TRUE	vanNH	o_line	G	G
2014-05-17_vanNH-at-sfoDF	2	17	vanNH	65	6	26	vanNH	vanNH	5	G	FALSE	TRUE	vanNH	d_line	G	G
2014-05-17_vanNH-at-sfoDF	2	18	vanNH	66	1	5	sfoDF	sfoDF	13	eop	FALSE	FALSE	NA	o_line	eop	eop
2014-05-17_vanNH-at-sfoDF	3	19	sfoDF	68	2	10	sfoDF	sfoDF	18	G	FALSE	TRUE	sfoDF	d_line	G	G
2014-05-17_vanNH-at-sfoDF	3	20	sfoDF	71	3	13	vanNH	vanNH	21	G	FALSE	TRUE	vanNH	o_line	G	G
2014-05-17_vanNH-at-sfoDF	3	21	vanNH	72	1	5	sfoDF	sfoDF	46	G	TRUE	TRUE	sfoDF	o_line	G	G
2014-05-17_vanNH-at-sfoDF	3	22	sfoDF	83	11	39	vanNH	vanNH	10	G	TRUE	TRUE	vanNH	o_line	G	G
2014-05-17_vanNH-at-sfoDF	3	23	vanNH	95	12	31	vanNH	vanNH	8	G	FALSE	TRUE	vanNH	d_line	G	G
2014-05-17_vanNH-at-sfoDF	3	24	vanNH	97	2	5	vanNH	vanNH	33	G	FALSE	TRUE	vanNH	d_line	G	G
2014-05-17_vanNH-at-sfoDF	3	25	vanNH	99	2	5	vanNH	sfoDF	2	eop	FALSE	FALSE	NA	d_line	eop	eop
2014-05-17_vanNH-at-sfoDF	4	26	vanNH	116	17	73	sfoDF	sfoDF	18	G	TRUE	TRUE	sfoDF	o_line	G	G
2014-05-17_vanNH-at-sfoDF	4	27	sfoDF	120	4	16	sfoDF	sfoDF	18	G	FALSE	TRUE	sfoDF	d_line	G	G
2014-05-17_vanNH-at-sfoDF	4	28	sfoDF	125	5	13	vanNH	sfoDF	34	eop	FALSE	FALSE	NA	o_line	eop	eop
2014-05-17_vanNH-at-sfoDF	5	29	sfoDF	131	6	27	sfoDF	sfoDF	34	G	FALSE	TRUE	sfoDF	d_line	G	G
2014-05-17_vanNH-at-sfoDF	5	30	sfoDF	136	5	41	vanNH	vanNH	21	eop	FALSE	FALSE	NA	o_line	eop	eop
2014-05-24_pdxST-at-vanNH	1	1	vanNH	1	1	10	pdxST	pdxST	6	LG	TRUE	TRUE	pdxST	o_line	G	G
2014-05-24_pdxST-at-vanNH	1	2	pdxST	4	3	15	vanNH	vanNH	98	LG	TRUE	TRUE	vanNH	o_line	G	G
2014-05-24_pdxST-at-vanNH	1	3	vanNH	8	4	48	vanNH	vanNH	98	G	FALSE	TRUE	vanNH	d_line	G	G
2014-05-24_pdxST-at-vanNH	1	4	vanNH	10	2	13	vanNH	vanNH	75	G	FALSE	TRUE	vanNH	d_line	G	G
2014-05-24_pdxST-at-vanNH	1	5	vanNH	11	1	6	pdxST	pdxST	7	LG	TRUE	TRUE	pdxST	o_line	G	G
2014-05-24_pdxST-at-vanNH	1	6	pdxST	12	1	10	vanNH	vanNH	98	G	FALSE	TRUE	vanNH	o_line	G	G
2014-05-24_pdxST-at-vanNH	1	7	vanNH	13	1	7	pdxST	pdxST	16	G	TRUE	TRUE	pdxST	o_line	G	G
2014-05-24_pdxST-at-vanNH	1	8	pdxST	15	2	26	pdxST	pdxST	6	G	TRUE	TRUE	pdxST	d_line	G	G
2014-05-24_pdxST-at-vanNH	1	9	pdxST	17	2	10	pdxST	pdxST	17	G	FALSE	TRUE	pdxST	d_line	G	G
2014-05-24_pdxST-at-vanNH	1	10	pdxST	20	3	13	vanNH	vanNH	91	eop	FALSE	FALSE	NA	o_line	eop	eop
2014-05-24_pdxST-at-vanNH	2	11	pdxST	21	1	12	vanNH	vanNH	98	G	FALSE	TRUE	vanNH	o_line	G	G
2014-05-24_pdxST-at-vanNH	2	12	vanNH	26	5	30	pdxST	pdxST	9	G	FALSE	TRUE	pdxST	o_line	G	G
2014-05-24_pdxST-at-vanNH	2	13	pdxST	28	2	14	pdxST	pdxST	20	G	FALSE	TRUE	pdxST	d_line	G	G
2014-05-24_pdxST-at-vanNH	2	14	pdxST	36	8	44	pdxST	pdxST	7	LG	TRUE	TRUE	pdxST	d_line	G	G
2014-05-24_pdxST-at-vanNH	2	15	pdxST	38	2	17	pdxST	pdxST	5	G	FALSE	TRUE	pdxST	d_line	G	G
2014-05-24_pdxST-at-vanNH	2	16	pdxST	40	2	22	pdxST	vanNH	8	eop	TRUE	FALSE	NA	d_line	eop	eop
2014-05-24_pdxST-at-vanNH	3	17	vanNH	41	1	3	pdxST	pdxST	2	LG	TRUE	TRUE	pdxST	o_line	G	G
2014-05-24_pdxST-at-vanNH	3	18	pdxST	42	1	11	vanNH	vanNH	22	G	FALSE	TRUE	vanNH	o_line	G	G
2014-05-24_pdxST-at-vanNH	3	19	vanNH	43	1	14	pdxST	pdxST	6	G	TRUE	TRUE	pdxST	o_line	G	G
2014-05-24_pdxST-at-vanNH	3	20	pdxST	45	2	19	pdxST	pdxST	17	G	FALSE	TRUE	pdxST	d_line	G	G
2014-05-24_pdxST-at-vanNH	3	21	pdxST	46	1	17	vanNH	vanNH	19	G	FALSE	TRUE	vanNH	o_line	G	G
2014-05-24_pdxST-at-vanNH	3	22	vanNH	48	2	13	vanNH	vanNH	39	G	FALSE	TRUE	vanNH	d_line	G	G
2014-05-24_pdxST-at-vanNH	3	23	vanNH	49	1	20	pdxST	pdxST	16	G	TRUE	TRUE	pdxST	o_line	G	G
2014-05-24_pdxST-at-vanNH	3	24	pdxST	50	1	10	vanNH	vanNH	91	G	FALSE	TRUE	vanNH	o_line	G	G
2014-05-24_pdxST-at-vanNH	3	25	vanNH	52	2	7	vanNH	vanNH	45	G	FALSE	TRUE	vanNH	d_line	G	G
2014-05-24_pdxST-at-vanNH	3	26	vanNH	53	1	16	pdxST	pdxST	42	G	FALSE	TRUE	pdxST	o_line	G	G
2014-05-24_pdxST-at-vanNH	3	27	pdxST	54	1	13	vanNH	vanNH	10	G	FALSE	TRUE	vanNH	o_line	G	G
2014-05-24_pdxST-at-vanNH	3	28	vanNH	55	1	15	pdxST	pdxST	42	G	TRUE	TRUE	pdxST	o_line	G	G
2014-05-24_pdxST-at-vanNH	3	29	pdxST	59	4	10	pdxST	pdxST	17	eop	FALSE	FALSE	NA	d_line	eop	eop
2014-05-24_pdxST-at-vanNH	4	30	pdxST	62	3	14	vanNH	vanNH	98	G	FALSE	TRUE	vanNH	o_line	G	G
2014-05-24_pdxST-at-vanNH	4	31	vanNH	64	2	9	vanNH	vanNH	39	G	FALSE	TRUE	vanNH	d_line	G	G
2014-05-24_pdxST-at-vanNH	4	32	vanNH	66	2	10	vanNH	vanNH	24	G	FALSE	TRUE	vanNH	d_line	G	G
2014-05-24_pdxST-at-vanNH	4	33	vanNH	70	4	24	vanNH	vanNH	22	G	FALSE	TRUE	vanNH	d_line	G	G
2014-05-24_pdxST-at-vanNH	4	34	vanNH	71	1	32	pdxST	pdxST	9	G	FALSE	TRUE	pdxST	o_line	G	G
2014-05-24_pdxST-at-vanNH	4	35	pdxST	73	2	15	pdxST	pdxST	4	LG	TRUE	TRUE	pdxST	d_line	G	G
2014-05-24_pdxST-at-vanNH	4	36	pdxST	74	1	16	vanNH	vanNH	98	G	FALSE	TRUE	vanNH	o_line	G	G
2014-05-24_pdxST-at-vanNH	4	37	vanNH	75	1	12	pdxST	pdxST	2	G	TRUE	TRUE	pdxST	o_line	G	G
2014-05-24_pdxST-at-vanNH	4	38	pdxST	77	2	20	pdxST	pdxST	2	LG	TRUE	TRUE	pdxST	d_line	G	G
2014-05-24_pdxST-at-vanNH	4	39	pdxST	78	1	5	vanNH	pdxST	5	eop	FALSE	FALSE	NA	o_line	eop	eop
2014-05-31_vanNH-at-seaRM	1	1	seaRM	1	1	11	vanNH	vanNH	10	LG	TRUE	TRUE	vanNH	o_line	G	G
2014-05-31_vanNH-at-seaRM	1	2	vanNH	2	1	4	seaRM	seaRM	8	LG	TRUE	TRUE	seaRM	o_line	G	G
2014-05-31_vanNH-at-seaRM	1	3	seaRM	4	2	13	seaRM	seaRM	12	G	FALSE	TRUE	seaRM	d_line	G	G
2014-05-31_vanNH-at-seaRM	1	4	seaRM	5	1	6	vanNH	vanNH	72	LG	TRUE	TRUE	vanNH	o_line	G	G
2014-05-31_vanNH-at-seaRM	1	5	vanNH	6	1	13	seaRM	seaRM	1	G	TRUE	TRUE	seaRM	o_line	G	G
2014-05-31_vanNH-at-seaRM	1	6	seaRM	7	1	6	vanNH	vanNH	10	LG	TRUE	TRUE	vanNH	o_line	G	G
2014-05-31_vanNH-at-seaRM	1	7	vanNH	9	2	25	vanNH	vanNH	11	G	FALSE	TRUE	vanNH	d_line	G	G
2014-05-31_vanNH-at-seaRM	1	8	vanNH	13	4	14	vanNH	vanNH	37	G	FALSE	TRUE	vanNH	d_line	G	G
2014-05-31_vanNH-at-seaRM	1	9	vanNH	14	1	12	seaRM	seaRM	20	G	FALSE	TRUE	seaRM	o_line	G	G
2014-05-31_vanNH-at-seaRM	1	10	seaRM	16	2	20	seaRM	seaRM	18	G	TRUE	TRUE	seaRM	d_line	G	G
2014-05-31_vanNH-at-seaRM	1	11	seaRM	17	1	9	vanNH	vanNH	98	G	TRUE	TRUE	vanNH	o_line	G	G
2014-05-31_vanNH-at-seaRM	1	12	vanNH	18	1	8	seaRM	seaRM	9	LG	TRUE	TRUE	seaRM	o_line	G	G
2014-05-31_vanNH-at-seaRM	1	13	seaRM	21	3	16	vanNH	vanNH	19	G	FALSE	TRUE	vanNH	o_line	G	G
2014-05-31_vanNH-at-seaRM	1	14	vanNH	22	1	5	seaRM	vanNH	8	eop	FALSE	FALSE	NA	o_line	eop	eop
2014-05-31_vanNH-at-seaRM	2	15	vanNH	23	1	11	seaRM	seaRM	0	G	TRUE	TRUE	seaRM	o_line	G	G
2014-05-31_vanNH-at-seaRM	2	16	seaRM	25	2	12	seaRM	seaRM	23	G	FALSE	TRUE	seaRM	d_line	G	G
2014-05-31_vanNH-at-seaRM	2	17	seaRM	27	2	15	seaRM	seaRM	29	G	TRUE	TRUE	seaRM	d_line	G	G
2014-05-31_vanNH-at-seaRM	2	18	seaRM	28	1	9	vanNH	vanNH	19	G	FALSE	TRUE	vanNH	o_line	G	G
2014-05-31_vanNH-at-seaRM	2	19	vanNH	31	3	20	seaRM	seaRM	6	G	FALSE	TRUE	seaRM	o_line	G	G
2014-05-31_vanNH-at-seaRM	2	20	seaRM	32	1	14	vanNH	vanNH	10	G	FALSE	TRUE	vanNH	o_line	G	G
2014-05-31_vanNH-at-seaRM	2	21	vanNH	33	1	6	seaRM	seaRM	17	G	TRUE	TRUE	seaRM	o_line	G	G
2014-05-31_vanNH-at-seaRM	2	22	seaRM	36	3	24	vanNH	vanNH	27	G	FALSE	TRUE	vanNH	o_line	G	G
2014-05-31_vanNH-at-seaRM	2	23	vanNH	40	4	19	vanNH	vanNH	21	G	FALSE	TRUE	vanNH	d_line	G	G
2014-05-31_vanNH-at-seaRM	2	24	vanNH	41	1	9	seaRM	seaRM	14	G	FALSE	TRUE	seaRM	o_line	G	G
2014-05-31_vanNH-at-seaRM	2	25	seaRM	42	1	5	vanNH	vanNH	10	LG	TRUE	TRUE	vanNH	o_line	G	G
2014-05-31_vanNH-at-seaRM	2	26	vanNH	43	1	5	seaRM	vanNH	8	eop	FALSE	FALSE	NA	o_line	eop	eop
2014-05-31_vanNH-at-seaRM	3	27	seaRM	45	2	22	seaRM	seaRM	21	G	TRUE	TRUE	seaRM	d_line	G	G
2014-05-31_vanNH-at-seaRM	3	28	seaRM	46	1	9	vanNH	vanNH	72	LG	TRUE	TRUE	vanNH	o_line	G	G
2014-05-31_vanNH-at-seaRM	3	29	vanNH	47	1	9	seaRM	seaRM	48	LG	TRUE	TRUE	seaRM	o_line	G	G
2014-05-31_vanNH-at-seaRM	3	30	seaRM	49	2	11	seaRM	seaRM	18	G	TRUE	TRUE	seaRM	d_line	G	G
2014-05-31_vanNH-at-seaRM	3	31	seaRM	50	1	8	vanNH	vanNH	98	G	FALSE	TRUE	vanNH	o_line	G	G
2014-05-31_vanNH-at-seaRM	3	32	vanNH	51	1	9	seaRM	seaRM	9	G	TRUE	TRUE	seaRM	o_line	G	G
2014-05-31_vanNH-at-seaRM	3	33	seaRM	52	1	9	vanNH	vanNH	72	G	FALSE	TRUE	vanNH	o_line	G	G
2014-05-31_vanNH-at-seaRM	3	34	vanNH	56	4	22	vanNH	vanNH	10	G	FALSE	TRUE	vanNH	d_line	G	G
2014-05-31_vanNH-at-seaRM	3	35	vanNH	59	3	22	seaRM	seaRM	1	G	TRUE	TRUE	seaRM	o_line	G	G
2014-05-31_vanNH-at-seaRM	3	36	seaRM	61	2	9	seaRM	seaRM	12	G	FALSE	TRUE	seaRM	d_line	G	G
2014-05-31_vanNH-at-seaRM	3	37	seaRM	64	3	21	vanNH	vanNH	21	G	FALSE	TRUE	vanNH	o_line	G	G
2014-05-31_vanNH-at-seaRM	3	38	vanNH	66	2	11	vanNH	seaRM	8	eop	FALSE	FALSE	NA	d_line	eop	eop
2014-05-31_vanNH-at-seaRM	4	39	vanNH	67	1	10	seaRM	seaRM	9	LG	TRUE	TRUE	seaRM	o_line	G	G
2014-05-31_vanNH-at-seaRM	4	40	seaRM	70	3	26	vanNH	vanNH	10	G	FALSE	TRUE	vanNH	o_line	G	G
2014-05-31_vanNH-at-seaRM	4	41	vanNH	74	4	29	vanNH	vanNH	19	G	FALSE	TRUE	vanNH	d_line	G	G
2014-05-31_vanNH-at-seaRM	4	42	vanNH	77	3	18	seaRM	seaRM	6	G	FALSE	TRUE	seaRM	o_line	G	G
2014-05-31_vanNH-at-seaRM	4	43	seaRM	80	3	24	vanNH	vanNH	24	G	FALSE	TRUE	vanNH	o_line	G	G
2014-05-31_vanNH-at-seaRM	4	44	vanNH	81	1	11	seaRM	seaRM	20	LG	TRUE	TRUE	seaRM	o_line	G	G
2014-05-31_vanNH-at-seaRM	4	45	seaRM	82	1	5	vanNH	vanNH	91	LG	TRUE	TRUE	vanNH	o_line	G	G
2014-05-31_vanNH-at-seaRM	4	46	vanNH	83	1	9	seaRM	seaRM	48	G	FALSE	TRUE	seaRM	o_line	G	G
2014-05-31_vanNH-at-seaRM	4	47	seaRM	84	1	14	vanNH	vanNH	89	G	FALSE	TRUE	vanNH	o_line	G	G
2014-05-31_vanNH-at-seaRM	4	48	vanNH	86	2	11	vanNH	seaRM	6	eop	FALSE	FALSE	NA	d_line	eop	eop
2014-05-31_vanNH-at-seaRM	5	49	vanNH	87	1	7	seaRM	seaRM	6	G	FALSE	TRUE	seaRM	o_line	G	G
2014-05-31_vanNH-at-seaRM	5	50	seaRM	90	3	25	vanNH	vanNH	98	G	FALSE	TRUE	vanNH	o_line	G	G
2014-05-31_vanNH-at-seaRM	5	51	vanNH	91	1	7	seaRM	seaRM	17	G	FALSE	TRUE	seaRM	o_line	G	G
2014-05-31_vanNH-at-seaRM	5	52	seaRM	96	5	41	vanNH	vanNH	10	G	FALSE	TRUE	vanNH	o_line	G	G
2014-05-31_vanNH-at-seaRM	5	53	vanNH	97	1	4	seaRM	seaRM	20	eop	FALSE	FALSE	NA	o_line	eop	eop
2014-05-31_vanNH-at-seaRM	6	54	seaRM	98	1	14	vanNH	vanNH	91	G	FALSE	TRUE	vanNH	o_line	G	G
2014-05-31_vanNH-at-seaRM	6	55	vanNH	100	2	14	vanNH	vanNH	10	G	FALSE	TRUE	vanNH	d_line	G	G
2014-05-31_vanNH-at-seaRM	6	56	vanNH	106	6	24	vanNH	vanNH	8	G	FALSE	TRUE	vanNH	d_line	G	G
2014-05-31_vanNH-at-seaRM	6	57	vanNH	110	4	19	vanNH	vanNH	45	G	FALSE	TRUE	vanNH	d_line	G	G
2014-05-31_vanNH-at-seaRM	6	58	vanNH	112	2	6	vanNH	vanNH	49	G	FALSE	TRUE	vanNH	d_line	G	G
2014-06-07_seaRM-at-vanNH	1	1	seaRM	2	2	23	seaRM	seaRM	18	G	FALSE	TRUE	seaRM	d_line	G	G
2014-06-07_seaRM-at-vanNH	1	2	seaRM	3	1	11	vanNH	vanNH	98	LG	TRUE	TRUE	vanNH	o_line	G	G
2014-06-07_seaRM-at-vanNH	1	3	vanNH	5	2	11	vanNH	vanNH	45	G	FALSE	TRUE	vanNH	d_line	G	G
2014-06-07_seaRM-at-vanNH	1	4	vanNH	7	2	6	vanNH	vanNH	33	G	FALSE	TRUE	vanNH	d_line	G	G
2014-06-07_seaRM-at-vanNH	1	5	vanNH	9	2	10	vanNH	vanNH	33	G	FALSE	TRUE	vanNH	d_line	G	G
2014-06-07_seaRM-at-vanNH	1	6	vanNH	10	1	12	seaRM	seaRM	1	G	FALSE	TRUE	seaRM	o_line	G	G
2014-06-07_seaRM-at-vanNH	1	7	seaRM	11	1	7	vanNH	vanNH	10	LG	TRUE	TRUE	vanNH	o_line	G	G
2014-06-07_seaRM-at-vanNH	1	8	vanNH	14	3	21	seaRM	seaRM	00	G	FALSE	TRUE	seaRM	o_line	G	G
2014-06-07_seaRM-at-vanNH	1	9	seaRM	15	1	9	vanNH	vanNH	22	LG	TRUE	TRUE	vanNH	o_line	G	G
2014-06-07_seaRM-at-vanNH	1	10	vanNH	19	4	37	vanNH	vanNH	10	G	FALSE	TRUE	vanNH	d_line	G	G
2014-06-07_seaRM-at-vanNH	1	11	vanNH	20	1	5	seaRM	seaRM	1	eop	FALSE	FALSE	NA	o_line	eop	eop
2014-06-07_seaRM-at-vanNH	2	12	vanNH	24	4	23	vanNH	vanNH	37	G	FALSE	TRUE	vanNH	d_line	G	G
2014-06-07_seaRM-at-vanNH	2	13	vanNH	28	4	23	vanNH	vanNH	24	G	TRUE	TRUE	vanNH	d_line	G	G
2014-06-07_seaRM-at-vanNH	2	14	vanNH	30	2	17	vanNH	vanNH	45	G	FALSE	TRUE	vanNH	d_line	G	G
2014-06-07_seaRM-at-vanNH	2	15	vanNH	31	1	15	seaRM	seaRM	14	G	FALSE	TRUE	seaRM	o_line	G	G
2014-06-07_seaRM-at-vanNH	2	16	seaRM	32	1	18	vanNH	vanNH	98	G	FALSE	TRUE	vanNH	o_line	G	G
2014-06-07_seaRM-at-vanNH	2	17	vanNH	33	1	11	seaRM	seaRM	1	G	FALSE	TRUE	seaRM	o_line	G	G
2014-06-07_seaRM-at-vanNH	2	18	seaRM	34	1	10	vanNH	vanNH	21	G	FALSE	TRUE	vanNH	o_line	G	G
2014-06-07_seaRM-at-vanNH	2	19	vanNH	35	1	10	seaRM	seaRM	17	G	FALSE	TRUE	seaRM	o_line	G	G
2014-06-07_seaRM-at-vanNH	2	20	seaRM	37	2	5	seaRM	seaRM	24	G	FALSE	TRUE	seaRM	d_line	G	G
2014-06-07_seaRM-at-vanNH	2	21	seaRM	38	1	8	vanNH	vanNH	89	LG	TRUE	TRUE	vanNH	o_line	G	G
2014-06-07_seaRM-at-vanNH	2	22	vanNH	39	1	10	seaRM	seaRM	51	LG	TRUE	TRUE	seaRM	o_line	G	G
2014-06-07_seaRM-at-vanNH	3	23	seaRM	40	1	11	vanNH	vanNH	98	G	FALSE	TRUE	vanNH	o_line	G	G
2014-06-07_seaRM-at-vanNH	3	24	vanNH	44	4	23	vanNH	vanNH	27	G	FALSE	TRUE	vanNH	d_line	G	G
2014-06-07_seaRM-at-vanNH	3	25	vanNH	48	4	41	vanNH	vanNH	22	G	FALSE	TRUE	vanNH	d_line	G	G
2014-06-07_seaRM-at-vanNH	3	26	vanNH	50	2	13	vanNH	vanNH	37	LG	TRUE	TRUE	vanNH	d_line	G	G
2014-06-07_seaRM-at-vanNH	3	27	vanNH	52	2	14	vanNH	vanNH	4	G	FALSE	TRUE	vanNH	d_line	G	G
2014-06-07_seaRM-at-vanNH	3	28	vanNH	54	2	7	vanNH	vanNH	7	G	FALSE	TRUE	vanNH	d_line	G	G
2014-06-07_seaRM-at-vanNH	3	29	vanNH	55	1	18	seaRM	seaRM	51	G	FALSE	TRUE	seaRM	o_line	G	G
2014-06-07_seaRM-at-vanNH	4	30	vanNH	57	2	9	vanNH	vanNH	4	G	FALSE	TRUE	vanNH	d_line	G	G
2014-06-07_seaRM-at-vanNH	4	31	vanNH	58	1	14	seaRM	seaRM	1	G	FALSE	TRUE	seaRM	o_line	G	G
2014-06-07_seaRM-at-vanNH	4	32	seaRM	61	3	16	vanNH	vanNH	98	G	TRUE	TRUE	vanNH	o_line	G	G
2014-06-07_seaRM-at-vanNH	4	33	vanNH	63	2	16	vanNH	vanNH	13	G	FALSE	TRUE	vanNH	d_line	G	G
2014-06-07_seaRM-at-vanNH	4	34	vanNH	65	2	18	vanNH	vanNH	4	G	FALSE	TRUE	vanNH	d_line	G	G
2014-06-07_seaRM-at-vanNH	4	35	vanNH	67	2	12	vanNH	vanNH	13	G	TRUE	TRUE	vanNH	d_line	G	G
2014-06-07_seaRM-at-vanNH	4	36	vanNH	71	4	25	vanNH	vanNH	11	G	FALSE	TRUE	vanNH	d_line	G	G
2014-06-07_seaRM-at-vanNH	4	37	vanNH	74	3	23	seaRM	seaRM	31	LG	TRUE	TRUE	seaRM	o_line	G	G
2014-06-07_seaRM-at-vanNH	4	38	seaRM	75	1	16	vanNH	vanNH	89	G	FALSE	TRUE	vanNH	o_line	G	G
2014-06-07_seaRM-at-vanNH	4	39	vanNH	77	2	15	vanNH	vanNH	27	G	FALSE	TRUE	vanNH	d_line	G	G
2014-06-07_seaRM-at-vanNH	4	40	vanNH	78	1	10	seaRM	seaRM	1	G	FALSE	TRUE	seaRM	o_line	G	G
2014-06-07_seaRM-at-vanNH	4	41	seaRM	79	1	3	vanNH	vanNH	89	eop	FALSE	FALSE	NA	o_line	eop	eop
2014-06-15_pdxST-at-vanNH	1	1	pdxST	1	1	9	vanNH	vanNH	98	G	FALSE	TRUE	vanNH	o_line	G	G
2014-06-15_pdxST-at-vanNH	1	2	vanNH	3	2	14	vanNH	vanNH	81	G	FALSE	TRUE	vanNH	d_line	G	G
2014-06-15_pdxST-at-vanNH	1	3	vanNH	4	1	31	pdxST	pdxST	24	G	FALSE	TRUE	pdxST	o_line	G	G
2014-06-15_pdxST-at-vanNH	1	4	pdxST	5	1	11	vanNH	vanNH	98	G	FALSE	TRUE	vanNH	o_line	G	G
2014-06-15_pdxST-at-vanNH	1	5	vanNH	6	1	10	pdxST	pdxST	24	LG	TRUE	TRUE	pdxST	o_line	G	G
2014-06-15_pdxST-at-vanNH	1	6	pdxST	11	5	27	vanNH	vanNH	72	G	FALSE	TRUE	vanNH	o_line	G	G
2014-06-15_pdxST-at-vanNH	1	7	vanNH	15	4	18	vanNH	vanNH	31	G	FALSE	TRUE	vanNH	d_line	G	G
2014-06-15_pdxST-at-vanNH	1	8	vanNH	17	2	8	vanNH	vanNH	24	G	FALSE	TRUE	vanNH	d_line	G	G
2014-06-15_pdxST-at-vanNH	1	9	vanNH	18	1	9	pdxST	pdxST	7	LG	TRUE	TRUE	pdxST	o_line	G	G
2014-06-15_pdxST-at-vanNH	1	10	pdxST	19	1	11	vanNH	vanNH	98	G	FALSE	TRUE	vanNH	o_line	G	G
2014-06-15_pdxST-at-vanNH	1	11	vanNH	20	1	5	pdxST	pdxST	24	eop	FALSE	FALSE	NA	o_line	eop	eop
2014-06-15_pdxST-at-vanNH	2	12	vanNH	21	1	35	pdxST	pdxST	6	G	FALSE	TRUE	pdxST	o_line	G	G
2014-06-15_pdxST-at-vanNH	2	13	pdxST	25	4	18	pdxST	pdxST	16	G	FALSE	TRUE	pdxST	d_line	G	G
2014-06-15_pdxST-at-vanNH	2	14	pdxST	28	3	12	vanNH	vanNH	10	LG	TRUE	TRUE	vanNH	o_line	G	G
2014-06-15_pdxST-at-vanNH	2	15	vanNH	29	1	17	pdxST	pdxST	9	G	TRUE	TRUE	pdxST	o_line	G	G
2014-06-15_pdxST-at-vanNH	2	16	pdxST	35	6	40	pdxST	pdxST	3	LG	TRUE	TRUE	pdxST	d_line	G	G
2014-06-15_pdxST-at-vanNH	2	17	pdxST	36	1	19	vanNH	vanNH	5	G	FALSE	TRUE	vanNH	o_line	G	G
2014-06-15_pdxST-at-vanNH	2	18	vanNH	37	1	9	pdxST	pdxST	2	LG	TRUE	TRUE	pdxST	o_line	G	G
2014-06-15_pdxST-at-vanNH	2	19	pdxST	38	1	10	vanNH	vanNH	22	G	FALSE	TRUE	vanNH	o_line	G	G
2014-06-15_pdxST-at-vanNH	2	20	vanNH	40	2	5	vanNH	vanNH	10	G	FALSE	TRUE	vanNH	d_line	G	G
2014-06-15_pdxST-at-vanNH	3	21	pdxST	43	3	14	vanNH	vanNH	98	LG	TRUE	TRUE	vanNH	o_line	G	G
2014-06-15_pdxST-at-vanNH	3	22	vanNH	44	1	22	pdxST	pdxST	6	G	FALSE	TRUE	pdxST	o_line	G	G
2014-06-15_pdxST-at-vanNH	3	23	pdxST	46	2	15	pdxST	pdxST	5	LG	TRUE	TRUE	pdxST	d_line	G	G
2014-06-15_pdxST-at-vanNH	3	24	pdxST	48	2	10	pdxST	pdxST	17	G	TRUE	TRUE	pdxST	d_line	G	G
2014-06-15_pdxST-at-vanNH	3	25	pdxST	49	1	16	vanNH	vanNH	21	G	FALSE	TRUE	vanNH	o_line	G	G
2014-06-15_pdxST-at-vanNH	3	26	vanNH	50	1	8	pdxST	pdxST	6	LG	TRUE	TRUE	pdxST	o_line	G	G
2014-06-15_pdxST-at-vanNH	3	27	pdxST	51	1	6	vanNH	vanNH	98	LG	TRUE	TRUE	vanNH	o_line	G	G
2014-06-15_pdxST-at-vanNH	3	28	vanNH	53	2	24	vanNH	vanNH	4	G	FALSE	TRUE	vanNH	d_line	G	G
2014-06-15_pdxST-at-vanNH	3	29	vanNH	54	1	7	pdxST	pdxST	2	LG	TRUE	TRUE	pdxST	o_line	G	G
2014-06-15_pdxST-at-vanNH	3	30	pdxST	58	4	34	pdxST	vanNH	8	eop	FALSE	FALSE	NA	d_line	eop	eop
2014-06-15_pdxST-at-vanNH	4	31	vanNH	61	3	36	pdxST	pdxST	6	G	FALSE	TRUE	pdxST	o_line	G	G
2014-06-15_pdxST-at-vanNH	4	32	pdxST	63	2	16	pdxST	pdxST	21	G	TRUE	TRUE	pdxST	d_line	G	G
2014-06-15_pdxST-at-vanNH	4	33	pdxST	64	1	10	vanNH	vanNH	5	G	FALSE	TRUE	vanNH	o_line	G	G
2014-06-15_pdxST-at-vanNH	4	34	vanNH	66	2	29	vanNH	vanNH	98	G	FALSE	TRUE	vanNH	d_line	G	G
2014-06-15_pdxST-at-vanNH	4	35	vanNH	67	1	9	pdxST	pdxST	42	G	FALSE	TRUE	pdxST	o_line	G	G
2014-06-15_pdxST-at-vanNH	4	36	pdxST	69	2	12	pdxST	pdxST	17	G	TRUE	TRUE	pdxST	d_line	G	G
2014-06-15_pdxST-at-vanNH	4	37	pdxST	70	1	7	vanNH	vanNH	8	LG	TRUE	TRUE	vanNH	o_line	G	G
2014-06-15_pdxST-at-vanNH	4	38	vanNH	71	1	10	pdxST	pdxST	16	G	TRUE	TRUE	pdxST	o_line	G	G
2014-06-15_pdxST-at-vanNH	4	39	pdxST	72	1	8	vanNH	vanNH	22	G	FALSE	TRUE	vanNH	o_line	G	G
2014-06-15_pdxST-at-vanNH	4	40	vanNH	74	2	22	vanNH	vanNH	98	G	FALSE	TRUE	vanNH	d_line	G	G
2014-06-15_pdxST-at-vanNH	4	41	vanNH	75	1	4	pdxST	pdxST	73	eop	FALSE	FALSE	NA	o_line	eop	eop
2014-06-21_vanNH-at-sfoDF	1	1	vanNH	2	2	17	vanNH	vanNH	24	G	FALSE	TRUE	vanNH	d_line	G	G
2014-06-21_vanNH-at-sfoDF	1	2	vanNH	6	4	15	vanNH	vanNH	37	G	FALSE	TRUE	vanNH	d_line	G	G
2014-06-21_vanNH-at-sfoDF	1	3	vanNH	10	4	24	vanNH	vanNH	27	G	FALSE	TRUE	vanNH	d_line	G	G
2014-06-21_vanNH-at-sfoDF	1	4	vanNH	15	5	16	sfoDF	sfoDF	12	G	FALSE	TRUE	sfoDF	o_line	G	G
2014-06-21_vanNH-at-sfoDF	1	5	sfoDF	17	2	10	sfoDF	sfoDF	11	G	TRUE	TRUE	sfoDF	d_line	G	G
2014-06-21_vanNH-at-sfoDF	1	6	sfoDF	18	1	6	vanNH	vanNH	5	G	FALSE	TRUE	vanNH	o_line	G	G
2014-06-21_vanNH-at-sfoDF	1	7	vanNH	19	1	18	sfoDF	sfoDF	21	LG	TRUE	TRUE	sfoDF	o_line	G	G
2014-06-21_vanNH-at-sfoDF	1	8	sfoDF	21	2	10	sfoDF	sfoDF	25	G	TRUE	TRUE	sfoDF	d_line	G	G
2014-06-21_vanNH-at-sfoDF	1	9	sfoDF	28	7	20	vanNH	vanNH	98	G	FALSE	TRUE	vanNH	o_line	G	G
2014-06-21_vanNH-at-sfoDF	1	10	vanNH	29	1	2	sfoDF	sfoDF	16	eop	FALSE	FALSE	NA	o_line	eop	eop
2014-06-21_vanNH-at-sfoDF	2	11	sfoDF	31	2	19	sfoDF	sfoDF	57	G	FALSE	TRUE	sfoDF	d_line	G	G
2014-06-21_vanNH-at-sfoDF	2	12	sfoDF	43	12	41	sfoDF	sfoDF	40	G	FALSE	TRUE	sfoDF	d_line	G	G
2014-06-21_vanNH-at-sfoDF	2	13	sfoDF	45	2	7	sfoDF	sfoDF	10	G	FALSE	TRUE	sfoDF	d_line	G	G
2014-06-21_vanNH-at-sfoDF	2	14	sfoDF	53	8	24	sfoDF	sfoDF	24	G	FALSE	TRUE	sfoDF	d_line	G	G
2014-06-21_vanNH-at-sfoDF	2	15	sfoDF	58	5	20	vanNH	vanNH	98	G	TRUE	TRUE	vanNH	o_line	G	G
2014-06-21_vanNH-at-sfoDF	2	16	vanNH	60	2	8	vanNH	vanNH	98	G	FALSE	TRUE	vanNH	d_line	G	G
2014-06-21_vanNH-at-sfoDF	2	17	vanNH	61	1	3	sfoDF	vanNH	13	eop	FALSE	FALSE	NA	o_line	eop	eop
2014-06-21_vanNH-at-sfoDF	3	18	vanNH	63	2	16	vanNH	vanNH	31	G	FALSE	TRUE	vanNH	d_line	G	G
2014-06-21_vanNH-at-sfoDF	3	19	vanNH	64	1	7	sfoDF	sfoDF	25	G	TRUE	TRUE	sfoDF	o_line	G	G
2014-06-21_vanNH-at-sfoDF	3	20	sfoDF	70	6	28	sfoDF	sfoDF	13	G	TRUE	TRUE	sfoDF	d_line	G	G
2014-06-21_vanNH-at-sfoDF	3	21	sfoDF	75	5	19	vanNH	vanNH	19	G	TRUE	TRUE	vanNH	o_line	G	G
2014-06-21_vanNH-at-sfoDF	3	22	vanNH	77	2	5	vanNH	vanNH	31	G	FALSE	TRUE	vanNH	d_line	G	G
2014-06-21_vanNH-at-sfoDF	3	23	vanNH	78	1	9	sfoDF	sfoDF	21	LG	TRUE	TRUE	sfoDF	o_line	G	G
2014-06-21_vanNH-at-sfoDF	3	24	sfoDF	85	7	21	vanNH	vanNH	19	G	FALSE	TRUE	vanNH	o_line	G	G
2014-06-21_vanNH-at-sfoDF	3	25	vanNH	86	1	9	sfoDF	sfoDF	23	G	TRUE	TRUE	sfoDF	o_line	G	G
2014-06-21_vanNH-at-sfoDF	3	26	sfoDF	87	1	8	vanNH	vanNH	10	G	FALSE	TRUE	vanNH	o_line	G	G
2014-06-21_vanNH-at-sfoDF	3	27	vanNH	89	2	10	vanNH	vanNH	72	eop	FALSE	FALSE	NA	d_line	eop	eop
2014-06-21_vanNH-at-sfoDF	4	28	sfoDF	92	3	19	vanNH	vanNH	98	G	FALSE	TRUE	vanNH	o_line	G	G
2014-06-21_vanNH-at-sfoDF	4	29	vanNH	93	1	13	sfoDF	sfoDF	24	LG	TRUE	TRUE	sfoDF	o_line	G	G
2014-06-21_vanNH-at-sfoDF	4	30	sfoDF	94	1	8	vanNH	vanNH	72	LG	TRUE	TRUE	vanNH	o_line	G	G
2014-06-21_vanNH-at-sfoDF	4	31	vanNH	102	8	35	vanNH	vanNH	8	G	FALSE	TRUE	vanNH	d_line	G	G
2014-06-21_vanNH-at-sfoDF	4	32	vanNH	104	2	4	vanNH	vanNH	22	G	FALSE	TRUE	vanNH	d_line	G	G
2014-06-21_vanNH-at-sfoDF	4	33	vanNH	105	1	8	sfoDF	sfoDF	88	LG	TRUE	TRUE	sfoDF	o_line	G	G
2014-06-21_vanNH-at-sfoDF	4	34	sfoDF	107	2	15	sfoDF	sfoDF	18	LG	TRUE	TRUE	sfoDF	d_line	G	G
2014-06-21_vanNH-at-sfoDF	4	35	sfoDF	108	1	11	vanNH	vanNH	98	G	FALSE	TRUE	vanNH	o_line	G	G
2014-06-21_vanNH-at-sfoDF	4	36	vanNH	110	2	10	vanNH	vanNH	8	eop	FALSE	FALSE	NA	d_line	eop	eop
2014-06-28_vanNH-at-pdxST	1	1	vanNH	2	2	13	vanNH	vanNH	31	G	FALSE	TRUE	vanNH	d_line	G	G
2014-06-28_vanNH-at-pdxST	1	2	vanNH	4	2	30	vanNH	vanNH	4	G	FALSE	TRUE	vanNH	d_line	G	G
2014-06-28_vanNH-at-pdxST	1	3	vanNH	16	12	74	vanNH	vanNH	22	G	FALSE	TRUE	vanNH	d_line	G	G
2014-06-28_vanNH-at-pdxST	1	4	vanNH	24	8	25	vanNH	vanNH	24	eop	FALSE	FALSE	NA	d_line	eop	eop
2014-06-28_vanNH-at-pdxST	2	5	pdxST	25	1	8	vanNH	vanNH	10	G	FALSE	TRUE	vanNH	o_line	G	G
2014-06-28_vanNH-at-pdxST	2	6	vanNH	26	1	22	pdxST	pdxST	2	LG	TRUE	TRUE	pdxST	o_line	G	G
2014-06-28_vanNH-at-pdxST	2	7	pdxST	28	2	10	pdxST	pdxST	8	LG	TRUE	TRUE	pdxST	d_line	G	G
2014-06-28_vanNH-at-pdxST	2	8	pdxST	30	2	14	pdxST	pdxST	4	G	TRUE	TRUE	pdxST	d_line	G	G
2014-06-28_vanNH-at-pdxST	2	9	pdxST	32	2	6	pdxST	pdxST	5	G	FALSE	TRUE	pdxST	d_line	G	G
2014-06-28_vanNH-at-pdxST	2	10	pdxST	35	3	22	vanNH	vanNH	4	G	FALSE	TRUE	vanNH	o_line	G	G
2014-06-28_vanNH-at-pdxST	2	11	vanNH	37	2	12	vanNH	vanNH	8	G	FALSE	TRUE	vanNH	d_line	G	G
2014-06-28_vanNH-at-pdxST	2	12	vanNH	40	3	36	pdxST	pdxST	6	G	FALSE	TRUE	pdxST	o_line	G	G
2014-06-28_vanNH-at-pdxST	2	13	pdxST	41	1	11	vanNH	vanNH	98	G	TRUE	TRUE	vanNH	o_line	G	G
2014-06-28_vanNH-at-pdxST	2	14	vanNH	42	1	31	pdxST	pdxST	10	G	FALSE	TRUE	pdxST	o_line	G	G
2014-06-28_vanNH-at-pdxST	2	15	pdxST	44	2	4	pdxST	pdxST	5	eop	FALSE	FALSE	NA	d_line	eop	eop
2014-06-28_vanNH-at-pdxST	3	16	vanNH	45	1	6	pdxST	pdxST	13	LG	TRUE	TRUE	pdxST	o_line	G	G
2014-06-28_vanNH-at-pdxST	3	17	pdxST	47	2	10	pdxST	pdxST	5	LG	TRUE	TRUE	pdxST	d_line	G	G
2014-06-28_vanNH-at-pdxST	3	18	pdxST	48	1	11	vanNH	vanNH	98	G	FALSE	TRUE	vanNH	o_line	G	G
2014-06-28_vanNH-at-pdxST	3	19	vanNH	51	3	21	pdxST	pdxST	6	G	FALSE	TRUE	pdxST	o_line	G	G
2014-06-28_vanNH-at-pdxST	3	20	pdxST	56	5	37	vanNH	vanNH	10	G	FALSE	TRUE	vanNH	o_line	G	G
2014-06-28_vanNH-at-pdxST	3	21	vanNH	60	4	13	vanNH	vanNH	4	G	FALSE	TRUE	vanNH	d_line	G	G
2014-06-28_vanNH-at-pdxST	3	22	vanNH	62	2	20	vanNH	vanNH	11	G	FALSE	TRUE	vanNH	d_line	G	G
2014-06-28_vanNH-at-pdxST	3	23	vanNH	63	1	11	pdxST	pdxST	88	G	FALSE	TRUE	pdxST	o_line	G	G
2014-06-28_vanNH-at-pdxST	3	24	pdxST	65	2	16	pdxST	vanNH	13	eop	FALSE	FALSE	NA	d_line	eop	eop
2014-06-28_vanNH-at-pdxST	4	25	pdxST	69	4	32	pdxST	pdxST	4	G	TRUE	TRUE	pdxST	d_line	G	G
2014-06-28_vanNH-at-pdxST	4	26	pdxST	72	3	15	vanNH	vanNH	11	G	FALSE	TRUE	vanNH	o_line	G	G
2014-06-28_vanNH-at-pdxST	4	27	vanNH	75	3	30	pdxST	pdxST	21	G	TRUE	TRUE	pdxST	o_line	G	G
2014-06-28_vanNH-at-pdxST	4	28	pdxST	77	2	35	pdxST	pdxST	13	G	FALSE	TRUE	pdxST	d_line	G	G
2014-06-28_vanNH-at-pdxST	4	29	pdxST	78	1	7	vanNH	vanNH	22	LG	TRUE	TRUE	vanNH	o_line	G	G
2014-06-28_vanNH-at-pdxST	4	30	vanNH	80	2	16	vanNH	vanNH	89	G	FALSE	TRUE	vanNH	d_line	G	G
2014-06-28_vanNH-at-pdxST	4	31	vanNH	82	2	13	vanNH	vanNH	24	eop	FALSE	FALSE	NA	d_line	eop	eop
2014-04-12_seaRM-at-sfoDF	1	1	sfoDF	1	1	5	seaRM	seaRM	48	LG	TRUE	TRUE	seaRM	o_line	G	G
2014-04-12_seaRM-at-sfoDF	1	2	seaRM	3	2	9	seaRM	seaRM	9	G	FALSE	TRUE	seaRM	d_line	G	G
2014-04-12_seaRM-at-sfoDF	1	3	seaRM	4	1	5	sfoDF	sfoDF	40	G	FALSE	TRUE	sfoDF	o_line	G	G
2014-04-12_seaRM-at-sfoDF	1	4	sfoDF	7	3	18	seaRM	seaRM	6	G	FALSE	TRUE	seaRM	o_line	G	G
2014-04-12_seaRM-at-sfoDF	1	5	seaRM	10	3	27	sfoDF	sfoDF	34	G	FALSE	TRUE	sfoDF	o_line	G	G
2014-04-12_seaRM-at-sfoDF	1	6	sfoDF	14	4	23	sfoDF	sfoDF	18	G	FALSE	TRUE	sfoDF	d_line	G	G
2014-04-12_seaRM-at-sfoDF	1	7	sfoDF	15	1	8	seaRM	seaRM	1	G	FALSE	TRUE	seaRM	o_line	G	G
2014-04-12_seaRM-at-sfoDF	1	8	seaRM	16	1	9	sfoDF	sfoDF	34	G	FALSE	TRUE	sfoDF	o_line	G	G
2014-04-12_seaRM-at-sfoDF	1	9	sfoDF	21	5	30	seaRM	seaRM	48	G	FALSE	TRUE	seaRM	o_line	G	G
2014-04-12_seaRM-at-sfoDF	1	10	seaRM	23	2	9	seaRM	seaRM	9	G	FALSE	TRUE	seaRM	d_line	G	G
2014-04-12_seaRM-at-sfoDF	1	11	seaRM	24	1	6	sfoDF	sfoDF	5	eop	FALSE	FALSE	NA	o_line	eop	eop
2014-04-12_seaRM-at-sfoDF	2	12	sfoDF	26	2	7	sfoDF	sfoDF	12	G	FALSE	TRUE	sfoDF	d_line	G	G
2014-04-12_seaRM-at-sfoDF	2	13	sfoDF	29	3	19	seaRM	seaRM	48	G	FALSE	TRUE	seaRM	o_line	G	G
2014-04-12_seaRM-at-sfoDF	2	14	seaRM	30	1	8	sfoDF	sfoDF	8	G	FALSE	TRUE	sfoDF	o_line	G	G
2014-04-12_seaRM-at-sfoDF	2	15	sfoDF	34	4	27	sfoDF	sfoDF	88	G	TRUE	TRUE	sfoDF	d_line	G	G
2014-04-12_seaRM-at-sfoDF	2	16	sfoDF	38	4	22	sfoDF	sfoDF	85	G	FALSE	TRUE	sfoDF	d_line	G	G
2014-04-12_seaRM-at-sfoDF	2	17	sfoDF	41	3	12	seaRM	seaRM	9	LG	TRUE	TRUE	seaRM	o_line	G	G
2014-04-12_seaRM-at-sfoDF	2	18	seaRM	46	5	13	sfoDF	sfoDF	24	G	FALSE	TRUE	sfoDF	o_line	G	G
2014-04-12_seaRM-at-sfoDF	2	19	sfoDF	47	1	5	seaRM	seaRM	17	G	FALSE	TRUE	seaRM	o_line	G	G
2014-04-12_seaRM-at-sfoDF	2	20	seaRM	50	3	12	sfoDF	sfoDF	8	G	FALSE	TRUE	sfoDF	o_line	G	G
2014-04-12_seaRM-at-sfoDF	2	21	sfoDF	53	3	10	seaRM	seaRM	9	G	FALSE	TRUE	seaRM	o_line	G	G
2014-04-12_seaRM-at-sfoDF	2	22	seaRM	54	1	5	sfoDF	sfoDF	11	eop	FALSE	FALSE	NA	o_line	eop	eop
2014-04-12_seaRM-at-sfoDF	3	23	sfoDF	58	4	20	sfoDF	sfoDF	10	G	FALSE	TRUE	sfoDF	d_line	G	G
2014-04-12_seaRM-at-sfoDF	3	24	sfoDF	59	1	8	seaRM	seaRM	48	G	FALSE	TRUE	seaRM	o_line	G	G
2014-04-12_seaRM-at-sfoDF	3	25	seaRM	61	2	10	seaRM	seaRM	29	G	FALSE	TRUE	seaRM	d_line	G	G
2014-04-12_seaRM-at-sfoDF	3	26	seaRM	63	2	13	seaRM	seaRM	48	LG	TRUE	TRUE	seaRM	d_line	G	G
2014-04-12_seaRM-at-sfoDF	3	27	seaRM	65	2	10	seaRM	seaRM	35	G	FALSE	TRUE	seaRM	d_line	G	G
2014-04-12_seaRM-at-sfoDF	3	28	seaRM	66	1	9	sfoDF	sfoDF	5	G	FALSE	TRUE	sfoDF	o_line	G	G
2014-04-12_seaRM-at-sfoDF	3	29	sfoDF	72	6	29	sfoDF	sfoDF	37	G	FALSE	TRUE	sfoDF	d_line	G	G
2014-04-12_seaRM-at-sfoDF	3	30	sfoDF	73	1	14	seaRM	seaRM	48	G	FALSE	TRUE	seaRM	o_line	G	G
2014-04-12_seaRM-at-sfoDF	3	31	seaRM	76	3	19	sfoDF	sfoDF	5	G	FALSE	TRUE	sfoDF	o_line	G	G
2014-04-12_seaRM-at-sfoDF	3	32	sfoDF	78	2	11	sfoDF	sfoDF	17	G	FALSE	TRUE	sfoDF	d_line	G	G
2014-04-12_seaRM-at-sfoDF	3	33	sfoDF	80	2	12	sfoDF	sfoDF	2	LG	TRUE	TRUE	sfoDF	d_line	G	G
2014-04-12_seaRM-at-sfoDF	3	34	sfoDF	82	2	9	sfoDF	sfoDF	13	eop	FALSE	FALSE	NA	d_line	eop	eop
2014-04-12_seaRM-at-sfoDF	4	35	sfoDF	89	7	34	seaRM	seaRM	9	G	FALSE	TRUE	seaRM	o_line	G	G
2014-04-12_seaRM-at-sfoDF	4	36	seaRM	96	7	51	sfoDF	sfoDF	13	G	FALSE	TRUE	sfoDF	o_line	G	G
2014-04-12_seaRM-at-sfoDF	4	37	sfoDF	100	4	17	sfoDF	sfoDF	12	G	FALSE	TRUE	sfoDF	d_line	G	G
2014-04-12_seaRM-at-sfoDF	4	38	sfoDF	103	3	31	seaRM	seaRM	13	eop	FALSE	FALSE	NA	o_line	eop	eop
2014-04-19_sfoDF-at-seaRM	1	1	sfoDF	1	1	14	seaRM	seaRM	6	G	TRUE	TRUE	seaRM	o_line	G	G
2014-04-19_sfoDF-at-seaRM	1	2	seaRM	2	1	9	sfoDF	sfoDF	34	G	TRUE	TRUE	sfoDF	o_line	G	G
2014-04-19_sfoDF-at-seaRM	1	3	sfoDF	3	1	7	seaRM	seaRM	25	G	FALSE	TRUE	seaRM	o_line	G	G
2014-04-19_sfoDF-at-seaRM	1	4	seaRM	7	4	18	seaRM	seaRM	24	G	FALSE	TRUE	seaRM	d_line	G	G
2014-04-19_sfoDF-at-seaRM	1	5	seaRM	12	5	26	sfoDF	sfoDF	46	G	FALSE	TRUE	sfoDF	o_line	G	G
2014-04-19_sfoDF-at-seaRM	1	6	sfoDF	13	1	6	seaRM	seaRM	6	G	FALSE	TRUE	seaRM	o_line	G	G
2014-04-19_sfoDF-at-seaRM	1	7	seaRM	16	3	11	sfoDF	sfoDF	24	G	FALSE	TRUE	sfoDF	o_line	G	G
2014-04-19_sfoDF-at-seaRM	1	8	sfoDF	22	6	20	sfoDF	sfoDF	83	eop	FALSE	FALSE	NA	d_line	eop	eop
2014-04-19_sfoDF-at-seaRM	2	9	sfoDF	23	1	9	seaRM	seaRM	20	G	FALSE	TRUE	seaRM	o_line	G	G
2014-04-19_sfoDF-at-seaRM	2	10	seaRM	28	5	17	sfoDF	sfoDF	11	G	FALSE	TRUE	sfoDF	o_line	G	G
2014-04-19_sfoDF-at-seaRM	2	11	sfoDF	29	1	16	seaRM	seaRM	99	G	FALSE	TRUE	seaRM	o_line	G	G
2014-04-19_sfoDF-at-seaRM	2	12	seaRM	30	1	9	sfoDF	sfoDF	24	LG	TRUE	TRUE	sfoDF	o_line	G	G
2014-04-19_sfoDF-at-seaRM	2	13	sfoDF	31	1	8	seaRM	seaRM	17	G	TRUE	TRUE	seaRM	o_line	G	G
2014-04-19_sfoDF-at-seaRM	2	14	seaRM	33	2	10	seaRM	seaRM	25	G	FALSE	TRUE	seaRM	d_line	G	G
2014-04-19_sfoDF-at-seaRM	2	15	seaRM	36	3	19	sfoDF	sfoDF	83	G	FALSE	TRUE	sfoDF	o_line	G	G
2014-04-19_sfoDF-at-seaRM	2	16	sfoDF	37	1	8	seaRM	seaRM	99	G	FALSE	TRUE	seaRM	o_line	G	G
2014-04-19_sfoDF-at-seaRM	2	17	seaRM	38	1	12	sfoDF	sfoDF	19	G	FALSE	TRUE	sfoDF	o_line	G	G
2014-04-19_sfoDF-at-seaRM	2	18	sfoDF	40	2	6	sfoDF	sfoDF	46	G	FALSE	TRUE	sfoDF	d_line	G	G
2014-04-19_sfoDF-at-seaRM	2	19	sfoDF	41	1	9	seaRM	seaRM	18	G	FALSE	TRUE	seaRM	o_line	G	G
2014-04-19_sfoDF-at-seaRM	2	20	seaRM	45	4	25	seaRM	seaRM	12	G	FALSE	TRUE	seaRM	d_line	G	G
2014-04-19_sfoDF-at-seaRM	2	21	seaRM	46	1	8	sfoDF	sfoDF	11	G	FALSE	TRUE	sfoDF	o_line	G	G
2014-04-19_sfoDF-at-seaRM	2	22	sfoDF	47	1	3	seaRM	seaRM	00	eop	FALSE	FALSE	NA	o_line	eop	eop
2014-04-19_sfoDF-at-seaRM	3	23	seaRM	49	2	23	seaRM	seaRM	12	G	FALSE	TRUE	seaRM	d_line	G	G
2014-04-19_sfoDF-at-seaRM	3	24	seaRM	50	1	7	sfoDF	sfoDF	24	LG	TRUE	TRUE	sfoDF	o_line	G	G
2014-04-19_sfoDF-at-seaRM	3	25	sfoDF	51	1	7	seaRM	seaRM	99	G	TRUE	TRUE	seaRM	o_line	G	G
2014-04-19_sfoDF-at-seaRM	3	26	seaRM	54	3	21	sfoDF	sfoDF	83	G	FALSE	TRUE	sfoDF	o_line	G	G
2014-04-19_sfoDF-at-seaRM	3	27	sfoDF	55	1	9	seaRM	seaRM	25	G	TRUE	TRUE	seaRM	o_line	G	G
2014-04-19_sfoDF-at-seaRM	3	28	seaRM	59	4	25	seaRM	seaRM	23	G	FALSE	TRUE	seaRM	d_line	G	G
2014-04-19_sfoDF-at-seaRM	3	29	seaRM	60	1	9	sfoDF	sfoDF	1	G	FALSE	TRUE	sfoDF	o_line	G	G
2014-04-19_sfoDF-at-seaRM	3	30	sfoDF	61	1	8	seaRM	seaRM	51	G	TRUE	TRUE	seaRM	o_line	G	G
2014-04-19_sfoDF-at-seaRM	3	31	seaRM	70	9	42	sfoDF	sfoDF	21	eop	FALSE	FALSE	NA	o_line	eop	eop
2014-04-19_sfoDF-at-seaRM	4	32	seaRM	71	1	14	sfoDF	sfoDF	57	G	FALSE	TRUE	sfoDF	o_line	G	G
2014-04-19_sfoDF-at-seaRM	4	33	sfoDF	74	3	20	seaRM	seaRM	6	G	FALSE	TRUE	seaRM	o_line	G	G
2014-04-19_sfoDF-at-seaRM	4	34	seaRM	75	1	9	sfoDF	sfoDF	24	G	FALSE	TRUE	sfoDF	o_line	G	G
2014-04-19_sfoDF-at-seaRM	4	35	sfoDF	77	2	8	sfoDF	sfoDF	37	G	FALSE	TRUE	sfoDF	d_line	G	G
2014-04-19_sfoDF-at-seaRM	4	36	sfoDF	81	4	19	sfoDF	sfoDF	11	G	TRUE	TRUE	sfoDF	d_line	G	G
2014-04-19_sfoDF-at-seaRM	4	37	sfoDF	82	1	16	seaRM	seaRM	99	G	FALSE	TRUE	seaRM	o_line	G	G
2014-04-19_sfoDF-at-seaRM	4	38	seaRM	86	4	13	seaRM	seaRM	6	G	FALSE	TRUE	seaRM	d_line	G	G
2014-04-19_sfoDF-at-seaRM	4	39	seaRM	87	1	9	sfoDF	sfoDF	83	G	TRUE	TRUE	sfoDF	o_line	G	G
2014-04-19_sfoDF-at-seaRM	4	40	sfoDF	91	4	16	sfoDF	sfoDF	18	G	FALSE	TRUE	sfoDF	d_line	G	G
2014-04-19_sfoDF-at-seaRM	4	41	sfoDF	93	2	13	sfoDF	sfoDF	34	G	FALSE	TRUE	sfoDF	d_line	G	G
2014-04-19_sfoDF-at-seaRM	4	42	sfoDF	94	1	4	seaRM	seaRM	17	eop	FALSE	FALSE	NA	o_line	eop	eop
2014-04-19_sfoDF-at-seaRM	5	43	sfoDF	99	5	28	seaRM	seaRM	6	G	FALSE	TRUE	seaRM	o_line	G	G
2014-04-19_sfoDF-at-seaRM	5	44	seaRM	101	2	4	seaRM	seaRM	24	G	FALSE	TRUE	seaRM	d_line	G	G
2014-04-19_sfoDF-at-seaRM	5	45	seaRM	106	5	26	sfoDF	sfoDF	24	LG	TRUE	TRUE	sfoDF	o_line	G	G
2014-04-19_sfoDF-at-seaRM	5	46	sfoDF	107	1	3	seaRM	seaRM	17	eop	FALSE	FALSE	NA	o_line	eop	eop
2014-04-26_pdxST-at-sfoDF	1	1	sfoDF	4	4	16	sfoDF	sfoDF	37	G	FALSE	TRUE	sfoDF	d_line	G	G
2014-04-26_pdxST-at-sfoDF	1	2	sfoDF	9	5	20	pdxST	pdxST	16	G	FALSE	TRUE	pdxST	o_line	G	G
2014-04-26_pdxST-at-sfoDF	1	3	pdxST	12	3	10	sfoDF	sfoDF	23	G	TRUE	TRUE	sfoDF	o_line	G	G
2014-04-26_pdxST-at-sfoDF	1	4	sfoDF	16	4	26	sfoDF	sfoDF	5	G	FALSE	TRUE	sfoDF	d_line	G	G
2014-04-26_pdxST-at-sfoDF	1	5	sfoDF	19	3	32	pdxST	pdxST	11	G	FALSE	TRUE	pdxST	o_line	G	G
2014-04-26_pdxST-at-sfoDF	1	6	pdxST	21	2	11	pdxST	pdxST	6	G	FALSE	TRUE	pdxST	d_line	G	G
2014-04-26_pdxST-at-sfoDF	1	7	pdxST	22	1	7	sfoDF	sfoDF	23	LG	TRUE	TRUE	sfoDF	o_line	G	G
2014-04-26_pdxST-at-sfoDF	1	8	sfoDF	23	1	13	pdxST	pdxST	7	G	FALSE	TRUE	pdxST	o_line	G	G
2014-04-26_pdxST-at-sfoDF	1	9	pdxST	28	5	14	sfoDF	sfoDF	23	G	FALSE	TRUE	sfoDF	o_line	G	G
2014-04-26_pdxST-at-sfoDF	2	10	pdxST	29	1	9	sfoDF	sfoDF	24	G	TRUE	TRUE	sfoDF	o_line	G	G
2014-04-26_pdxST-at-sfoDF	2	11	sfoDF	32	3	14	pdxST	pdxST	11	G	FALSE	TRUE	pdxST	o_line	G	G
2014-04-26_pdxST-at-sfoDF	2	12	pdxST	35	3	29	sfoDF	sfoDF	21	LG	TRUE	TRUE	sfoDF	o_line	G	G
2014-04-26_pdxST-at-sfoDF	2	13	sfoDF	40	5	20	pdxST	pdxST	16	G	TRUE	TRUE	pdxST	o_line	G	G
2014-04-26_pdxST-at-sfoDF	2	14	pdxST	43	3	33	sfoDF	sfoDF	24	LG	TRUE	TRUE	sfoDF	o_line	G	G
2014-04-26_pdxST-at-sfoDF	1	15	sfoDF	44	1	8	pdxST	pdxST	2	LG	TRUE	TRUE	pdxST	o_line	G	G
2014-04-26_pdxST-at-sfoDF	2	16	pdxST	45	1	8	sfoDF	sfoDF	24	G	FALSE	TRUE	sfoDF	o_line	G	G
2014-04-26_pdxST-at-sfoDF	2	17	sfoDF	48	3	21	pdxST	pdxST	10	G	FALSE	TRUE	pdxST	o_line	G	G
2014-04-26_pdxST-at-sfoDF	2	18	pdxST	49	1	5	sfoDF	sfoDF	23	eop	TRUE	FALSE	NA	o_line	eop	eop
2014-04-26_pdxST-at-sfoDF	3	19	sfoDF	53	4	12	sfoDF	sfoDF	46	G	TRUE	TRUE	sfoDF	d_line	G	G
2014-04-26_pdxST-at-sfoDF	3	20	sfoDF	55	2	7	sfoDF	sfoDF	2	LG	TRUE	TRUE	sfoDF	d_line	G	G
2014-04-26_pdxST-at-sfoDF	3	21	sfoDF	61	6	22	sfoDF	sfoDF	1	LG	TRUE	TRUE	sfoDF	d_line	G	G
2014-04-26_pdxST-at-sfoDF	3	22	sfoDF	63	2	8	sfoDF	sfoDF	40	LG	TRUE	TRUE	sfoDF	d_line	G	G
2014-04-26_pdxST-at-sfoDF	3	23	sfoDF	66	3	33	pdxST	pdxST	42	LG	TRUE	TRUE	pdxST	o_line	G	G
2014-04-26_pdxST-at-sfoDF	3	24	pdxST	68	2	19	pdxST	pdxST	4	LG	TRUE	TRUE	pdxST	d_line	G	G
2014-04-26_pdxST-at-sfoDF	3	25	pdxST	69	1	6	sfoDF	sfoDF	24	LG	TRUE	TRUE	sfoDF	o_line	G	G
2014-04-26_pdxST-at-sfoDF	3	26	sfoDF	73	4	15	sfoDF	sfoDF	1	eop	FALSE	FALSE	NA	d_line	eop	eop
2014-04-26_pdxST-at-sfoDF	4	27	pdxST	75	2	9	pdxST	pdxST	5	G	TRUE	TRUE	pdxST	d_line	G	G
2014-04-26_pdxST-at-sfoDF	4	28	pdxST	77	2	16	pdxST	pdxST	7	LG	TRUE	TRUE	pdxST	d_line	G	G
2014-04-26_pdxST-at-sfoDF	4	29	pdxST	79	2	11	pdxST	pdxST	22	G	FALSE	TRUE	pdxST	d_line	G	G
2014-04-26_pdxST-at-sfoDF	4	30	pdxST	80	1	4	sfoDF	sfoDF	1	G	TRUE	TRUE	sfoDF	o_line	G	G
2014-04-26_pdxST-at-sfoDF	4	31	sfoDF	83	3	7	pdxST	pdxST	8	G	FALSE	TRUE	pdxST	o_line	G	G
2014-04-26_pdxST-at-sfoDF	4	32	pdxST	86	3	10	sfoDF	sfoDF	13	LG	TRUE	TRUE	sfoDF	o_line	G	G
2014-04-26_pdxST-at-sfoDF	4	33	sfoDF	87	1	11	pdxST	pdxST	7	G	FALSE	TRUE	pdxST	o_line	G	G
2014-04-26_pdxST-at-sfoDF	4	34	pdxST	95	8	72	pdxST	pdxST	7	G	FALSE	TRUE	pdxST	d_line	G	G
2014-04-26_pdxST-at-sfoDF	4	35	pdxST	96	1	3	sfoDF	sfoDF	23	eop	FALSE	FALSE	NA	o_line	eop	eop
2014-04-26_pdxST-at-sfoDF	5	36	sfoDF	99	3	22	pdxST	pdxST	2	G	FALSE	TRUE	pdxST	o_line	G	G
2014-04-26_pdxST-at-sfoDF	5	37	pdxST	105	6	42	pdxST	pdxST	9	LG	TRUE	TRUE	pdxST	d_line	G	G
2014-04-26_pdxST-at-sfoDF	5	38	pdxST	106	1	3	sfoDF	pdxST	14	eop	FALSE	FALSE	NA	o_line	eop	eop
2014-05-04_sfoDF-at-seaRM	1	1	sfoDF	3	3	26	seaRM	seaRM	5	G	FALSE	TRUE	seaRM	o_line	G	G
2014-05-04_sfoDF-at-seaRM	1	2	seaRM	5	2	7	seaRM	seaRM	18	G	FALSE	TRUE	seaRM	d_line	G	G
2014-05-04_sfoDF-at-seaRM	1	3	seaRM	7	2	12	seaRM	seaRM	12	G	FALSE	TRUE	seaRM	d_line	G	G
2014-05-04_sfoDF-at-seaRM	1	4	seaRM	12	5	28	sfoDF	sfoDF	88	G	TRUE	TRUE	sfoDF	o_line	G	G
2014-05-04_sfoDF-at-seaRM	1	5	sfoDF	15	3	24	seaRM	seaRM	13	G	TRUE	TRUE	seaRM	o_line	G	G
2014-05-04_sfoDF-at-seaRM	1	6	seaRM	17	2	21	seaRM	seaRM	2	LG	TRUE	TRUE	seaRM	d_line	G	G
2014-05-04_sfoDF-at-seaRM	1	7	seaRM	19	2	14	seaRM	seaRM	77	G	FALSE	TRUE	seaRM	d_line	G	G
2014-05-04_sfoDF-at-seaRM	1	8	seaRM	20	1	9	sfoDF	sfoDF	2	LG	TRUE	TRUE	sfoDF	o_line	G	G
2014-05-04_sfoDF-at-seaRM	1	9	sfoDF	21	1	8	seaRM	seaRM	0	LG	TRUE	TRUE	seaRM	o_line	G	G
2014-05-04_sfoDF-at-seaRM	1	10	seaRM	22	1	2	sfoDF	sfoDF	8	eop	FALSE	FALSE	NA	o_line	eop	eop
2014-05-04_sfoDF-at-seaRM	2	11	seaRM	26	4	23	seaRM	seaRM	18	LG	TRUE	TRUE	seaRM	d_line	G	G
2014-05-04_sfoDF-at-seaRM	2	12	seaRM	28	2	5	seaRM	seaRM	15	G	FALSE	TRUE	seaRM	d_line	G	G
2014-05-04_sfoDF-at-seaRM	2	13	seaRM	31	3	20	sfoDF	sfoDF	2	G	FALSE	TRUE	sfoDF	o_line	G	G
2014-05-04_sfoDF-at-seaRM	2	14	sfoDF	34	3	17	seaRM	seaRM	6	G	FALSE	TRUE	seaRM	o_line	G	G
2014-05-04_sfoDF-at-seaRM	2	15	seaRM	36	2	16	seaRM	seaRM	13	G	FALSE	TRUE	seaRM	d_line	G	G
2014-05-04_sfoDF-at-seaRM	2	16	seaRM	38	2	7	seaRM	seaRM	35	G	FALSE	TRUE	seaRM	d_line	G	G
2014-05-04_sfoDF-at-seaRM	2	17	seaRM	39	1	9	sfoDF	sfoDF	11	G	FALSE	TRUE	sfoDF	o_line	G	G
2014-05-04_sfoDF-at-seaRM	2	18	sfoDF	43	4	28	sfoDF	sfoDF	88	G	FALSE	TRUE	sfoDF	d_line	G	G
2014-05-04_sfoDF-at-seaRM	2	19	sfoDF	44	1	10	seaRM	seaRM	25	eop	FALSE	FALSE	NA	o_line	eop	eop
2014-05-04_sfoDF-at-seaRM	3	20	sfoDF	46	2	6	sfoDF	sfoDF	2	G	FALSE	TRUE	sfoDF	d_line	G	G
2014-05-04_sfoDF-at-seaRM	3	21	sfoDF	47	1	6	seaRM	seaRM	48	G	FALSE	TRUE	seaRM	o_line	G	G
2014-05-04_sfoDF-at-seaRM	3	22	seaRM	48	1	17	sfoDF	sfoDF	18	G	FALSE	TRUE	sfoDF	o_line	G	G
2014-05-04_sfoDF-at-seaRM	3	23	sfoDF	50	2	22	sfoDF	sfoDF	12	G	FALSE	TRUE	sfoDF	d_line	G	G
2014-05-04_sfoDF-at-seaRM	3	24	sfoDF	54	4	25	sfoDF	sfoDF	85	G	FALSE	TRUE	sfoDF	d_line	G	G
2014-05-04_sfoDF-at-seaRM	3	25	sfoDF	56	2	20	sfoDF	sfoDF	5	G	FALSE	TRUE	sfoDF	d_line	G	G
2014-05-04_sfoDF-at-seaRM	3	26	sfoDF	59	3	17	seaRM	seaRM	48	G	FALSE	TRUE	seaRM	o_line	G	G
2014-05-04_sfoDF-at-seaRM	3	27	seaRM	60	1	7	sfoDF	sfoDF	11	LG	TRUE	TRUE	sfoDF	o_line	G	G
2014-05-04_sfoDF-at-seaRM	3	28	sfoDF	67	7	47	seaRM	seaRM	13	G	FALSE	TRUE	seaRM	o_line	G	G
2014-05-04_sfoDF-at-seaRM	4	29	seaRM	69	2	18	seaRM	seaRM	48	G	FALSE	TRUE	seaRM	d_line	G	G
2014-05-04_sfoDF-at-seaRM	4	30	seaRM	72	3	16	sfoDF	sfoDF	2	G	FALSE	TRUE	sfoDF	o_line	G	G
2014-05-04_sfoDF-at-seaRM	4	31	sfoDF	73	1	7	seaRM	seaRM	51	LG	TRUE	TRUE	seaRM	o_line	G	G
2014-05-04_sfoDF-at-seaRM	4	32	seaRM	76	3	17	sfoDF	sfoDF	18	LG	TRUE	TRUE	sfoDF	o_line	G	G
2014-05-04_sfoDF-at-seaRM	4	33	sfoDF	78	2	20	sfoDF	sfoDF	9	G	FALSE	TRUE	sfoDF	d_line	G	G
2014-05-04_sfoDF-at-seaRM	4	34	sfoDF	79	1	13	seaRM	seaRM	12	G	FALSE	TRUE	seaRM	o_line	G	G
2014-05-04_sfoDF-at-seaRM	4	35	seaRM	80	1	9	sfoDF	sfoDF	88	G	FALSE	TRUE	sfoDF	o_line	G	G
2014-05-04_sfoDF-at-seaRM	4	36	sfoDF	82	2	22	sfoDF	sfoDF	9	G	FALSE	TRUE	sfoDF	d_line	G	G
2014-05-04_sfoDF-at-seaRM	4	37	sfoDF	87	5	39	seaRM	seaRM	35	eop	FALSE	FALSE	NA	o_line	eop	eop
